Workbook

Sheet Change History
A1: CHANGE HISTORY
A2: Version No. | B2: Date | C2: Change Description | D2: Prepared By | E2: Reviewed By
A3: 1.1 | B3: 31.03.2013 | C3: Initial release | D3: Mohammed Sharqawy | E3: K.Hanumanth Rao
A4: 1.2 | B4: 04.11.2013 | C4: Addition of new risks & controls | D4: Anshuman Tripathi | E4: K.Hanumanth Rao
A5: 1.3 | B5: 09.02.2014 | C5: Addition of new risks & controls related to: | D5: Anshuman Tripathi | E5: K.Hanumanth Rao
C6: a) Unapproved Changes or Configurations in IT Applications
C7: b) Unapproved Changes or Configurations in IT Infrastructure
C8: c) ASRY Mail (Google Mail)
C9: d) Vendor Support
C10: e) Password List
C11: f) Databases
C12: g) Applications
C13: h) UNIX Server Operating Systems
C14: i) Windows Server Operating Systems
C15: j) Portable Data Storage Devices
C16: k) IT Policies & Procedures
C17: l) Loss of IT Assets
A18: 1.4 | B18: 11.05.2014 | C18: Additon of risks & controls related to: | D18: Anshuman Tripathi | E18: K.Hanumanth Rao
C19: a) End of Windows XP Support
C20: b) End of vendor support for Oracle database
A21: 1.5 | B21: 23.06.2014 | C21: Addition of new risks & controls related to: | D21: Anshuman Tripathi | E21: K.Hanumanth Rao
C22: a) Change Management
C23: b) Configuration Management
C24: c) Capacity Planning
C25: d) Application Development
C26: e) Project Management
C27: f) Mobile Computing
C28: g) Manage Engine
C29: h) Licenses
C30: i) Portable Wifi Devices
C31: Mapping of control numbers as per new ISO 27001:2013 standard
A32: 1.6 | B32: 02.12.2014 | C32: Addition of new risks & controls related to: | D32: Anshuman Tripathi | E32: K.Hanumanth Rao
C33: a) Oracle Financials
C34: b) Project Management
A35: 1.7 | B35: 28.04.2015 | C35: Addition of new risks & controls related to: | D35: Anshuman Tripathi | E35: K.Hanumanth Rao
C36: i) Laptop (Executive)
C37: ii) Laptop (Normal Users)
C38: iii) VMware Server
C39: iv) Exchange Server
C40: v) Anti Virus Server
C41: vi) OpenText Server
C42: vii) CXAIR Server
C43: viii) File Server
C44: ix) Consultancy Server
C45: x) Eprocurement Test Server
C46: xi) Active Directory Server
C47: xii) Cadmatic Server
... C67: Updation of Asset Rating Criteria
A68: 1.8 | B68: 15.09.2015 | C68: Addition of new risks & controls related to: | D68: Anshuman Tripathi | E68: K.Hanumanth Rao
C69: i) Asrymail (Google Mail)
A70: 1.9 | B70: 20.06.2016 | C70: Addition of new risks & controls related to: | D70: Anshuman Tripathi | E70: K.Hanumanth Rao
C71: i) Databases (Vendor personnel having system administration rights)
C72: ii) Security Analyst (Segregation of Duty)
C73: iii) Vendor Support (Connexica)
C74: iv) Vendor Support (Kaizit)
C75: iv) Vendor Support (Elite Technologies)
C76: v) Vendor Support (Hilal)
C77: vi) Vendor Support (Gulf Computers)
C78: vii) Vendor Support (Apple Centre)
C79: vii) Vendor Support (Batelco)
C80: vii) Vendor Support (East Innovations)
C81: ix) Data Backup Management
C82: x) Mobile Computing
... C85: xiii) Configuration Management
A86: 1.1 | B86: 18.10.2016 | C86: Addition of new risks & controls related to: | D86: Anshuman Tripathi | E86: K.Hanumanth Rao
C87: i) Asrymail (Google Mail)
A88: 1.11 | B88: 11.06.2017 | C88: Addition of new risks & controls related to: | D88: Anshuman Tripathi | E88: K.Hanumanth Rao
C89: i) Vmware Server
C90: ii) Active Directory Servers
C91: iii) Exchange Servers
C92: iv) OpenText Servers
C93: v) CXAir Server
C94: vi) Eprocurement Servers
C95: vii) Eprocurement Test Server
C96: viii) File Servers
C97: ix) Consultancy Server
C98: x) Cadmatic Server (ACS)
C99: xi) PC
C100: xii) Laptop (Normal Users)
C101: xiii) Laptop (Executive)
A102: 1.12 | B102: 01.04.2018 | C102: Addition of new risks & controls related to: | D102: Anshuman Tripathi | E102: K.Hanumanth Rao
C103: i) Third Party Antivirus Software
C104: ii) Exchange Email
A105: 1.13 | B105: 11.11.2018 | C105: Modification in recommended action related to: | D105: Anshuman Tripathi | E105: K.Hanumanth Rao
C106: i) Asrymail (Google Mail)
C107: ii) Fiber Cables Connection
C108: iii) Production & DR Data Centres
A109: 1.14 | B109: 20.08.2019 | C109: Addition of new risks & controls related to: | D109: Anshuman Tripathi | E109: Mohammed Al Sharqawy
C110: i) Microsoft Exchange Online
C111: ii) Amazon Web Services (AWS)
A112: 1.15 | B112: 28.09.2020 | C112: Addition of new risks & controls related to: | D112: Anshuman Tripathi | E112: Mohammed Al Sharqawy
C113: i) Laptop
C114: ii) Remote Working
A115: 1.16 | B115: 15.08.2021 | C115: Modification of risks & controls related to: | D115: Anshuman Tripathi | E115: Mohammed Al Sharqawy
C116: i) PC
C117: ii) Laptop (Normal Users)
C118: iii) Laptop (Executive)
C119: iv) General IT Resources
C120: v) Production & DR Data Centres
C121: vi) Fiber Cable Connections
...

Sheet Evaluation of Risk Exposure
B1: Evaluation of Risk Exposure – Guidelines (ASRY IT)
B3: Value | C3: Probability | F3: LEVEL
B4: 5 | C4: Almost CERTAIN to occur in most circumstances | F4: High
B5: 4 | C5: LIKELY to occur frequently | F5: High
B6: 3 | C6: POSSIBLE & likely to occur at some time | F6: Moderate
B7: 2 | C7: UNLIKELY to occur but could happen | F7: Low
B8: 1 | C8: May occur but only in RARE & exceptional circumstances | F8: Negligible
B12: Value | C12: Severity/Impact | F12: Level
B13: 5 | C13: Serious damage to financial condition, reputation or ability to meet business objectives | F13: Catastrophic
B14: 4 | C14: Would limit ability to meet business objectives | F14: Major
B15: 3 | C15: Marginal or localised impact on business objectives | F15: Moderate
B16: 2 | C16: No significant business impact | F16: Minor
B17: 1 | C17: Negligible Impact | F17: Insignificant

Sheet Risk Assessment Guidelines
A2: RISK ASSESSMENT GUIDE | C2: CONSEQUENCES
C3: Insignificant (1) | D3: Minor (2) | E3: Moderate (3) | F3: Major (4) | G3: Catastrophic (5)
A4: LIKELIHOOD | B4: Almost CERTAIN to occur in most circumstances (5) | C4: Low | D4: Moderate | E4: High | F4: High | G4: High
B5: LIKELY to occur frequently (4) | C5: Low | D5: Moderate | E5: High | F5: High | G5: High
B6: POSSIBLE & likely to occur at some time (3) | C6: Low | D6: Moderate | E6: Moderate | F6: High | G6: High
B7: UNLIKELY to occur but could happen (2) | C7: Low | D7: Low | E7: Moderate | F7: Moderate | G7: Moderate
B8: May occur but only in RARE & exceptional circumstances (1) | C8: Negligible | D8: Low | E8: Low | F8: Low | G8: Low
B11: Risk Rating Categorization
B12: High (Risk Score >750) | C12: Unacceptable Risk. Mitigation Required
B13: Moderate (Risk Score between 500-750) | C13: Acceptable only if no other method viable and with high level controls in place
B14: Low (Risk Score between 100-500) | C14: Acceptable with suitable controls
B15: Negligible (Risk Score <100) | C15: Acceptable with suitable controls

Sheet Asset Rating
A1: Asset Rating – Guidelines (ASRY IT)
B3: Low (1) | C3: Moderate (2) | D3: High (3) | E3: Critical (4)
A4: Confidentiality Preserving authorized restrictions on information access and disclosure, including means for protection of personal privacy and proprietary information | B4: The unauthorized disclosure of information could be expected to have a limited adverse effect on organizational operations, organizational assets, or individuals. | C4: The unauthorized disclosure of information could be expected to have a serious adverse effect on organizational operations, organizational assets, or individuals. | D4: The unauthorized disclosure of information could be expected to have a severe adverse effect on organizational operations, organizational assets, or individuals. | E4: The unauthorized disclosure of information could be expected to have a severe or catastrophic adverse effect on organizational operations, organizational assets, or individuals.
A5: Integrity Guarding against improper information modification or destruction, and includes ensuring information non-repudiation and authenticity. | B5: The modification or destruction of information could be expected to have a limited adverse effect on organizational operations, organizational assets, or individuals. | C5: The modification or destruction of information could be expected to have a serious adverse effect on organizational operations, organizational assets, or individuals. | D5: The modification or destruction of information could be expected to have a severe adverse effect on organizational operations, organizational assets, or individuals | E5: The modification or destruction of information could be expected to have a severe or catastrophic adverse effect on organizational operations, organizational assets, or individuals
A6: Availability Ensuring timely and reliable access to and use of information. | B6: The disruption of access to or use of information or an information system could be expected to have a limited adverse effect on organizational operations, organizational assets, or individuals. | C6: The disruption of access to or use of information or an information system could be expected to have a serious adverse effect on organizational operations, organizational assets, or individuals. | D6: The disruption of access to or use of information or an information system could be expected to have a severe adverse effect on organizational operations, organizational assets, or individuals | E6: The disruption of access to or use of information or an information system could be expected to have a severe or catastrophic adverse effect on organizational operations, organizational assets, or individuals

Sheet ASRY IT Risk Profiles
A1: ASRY IT Risk Profiles
C2: Risk Profile - Prior to Controls (2025) | M2: Risk Profile - After controls (2025)
A3: Probability | B3: 5 | C3: =COUNTIFS('IT Risk Assessment Sheet'!$M$2:$M$86, "5", 'IT Risk Assessment Sheet'!$N$2:$N$86, "1") -> 0 | D3: =COUNTIFS('IT Risk Assessment Sheet'!$M$2:$M$86, "5", 'IT Risk Assessment Sheet'!$N$2:$N$86, "2") -> 0 | E3: =COUNTIFS('IT Risk Assessment Sheet'!$M$2:$M$86, "5", 'IT Risk Assessment Sheet'!$N$2:$N$86, "3") -> 0 | F3: =COUNTIFS('IT Risk Assessment Sheet'!$M$2:$M$86, "5", 'IT Risk Assessment Sheet'!$N$2:$N$86, "4") -> 0 | G3: =COUNTIFS('IT Risk Assessment Sheet'!$M$2:$M$86, "5", 'IT Risk Assessment Sheet'!$N$2:$N$86, "5") -> 0 | K3: Probability | L3: 5 | M3: =COUNTIFS('IT Risk Assessment Sheet'!$R$2:$R$86, "5", 'IT Risk Assessment Sheet'!$S$2:$S$86, "1") -> 0 | N3: =COUNTIFS('IT Risk Assessment Sheet'!$R$2:$R$86, "5", 'IT Risk Assessment Sheet'!$S$2:$S$86, "2") -> 0 | O3: =COUNTIFS('IT Risk Assessment Sheet'!$R$2:$R$86, "5", 'IT Risk Assessment Sheet'!$S$2:$S$86, "3") -> 0 | P3: =COUNTIFS('IT Risk Assessment Sheet'!$R$2:$R$86, "5", 'IT Risk Assessment Sheet'!$S$2:$S$86, "4") -> 0 | Q3: =COUNTIFS('IT Risk Assessment Sheet'!$R$2:$R$86, "5", 'IT Risk Assessment Sheet'!$S$2:$S$86, "5") -> 0 | S3: Risk Legends
B4: 4 | C4: =COUNTIFS('IT Risk Assessment Sheet'!$M$2:$M$86, "4", 'IT Risk Assessment Sheet'!$N$2:$N$86, "1") -> 0 | D4: =COUNTIFS('IT Risk Assessment Sheet'!$M$2:$M$86, "4", 'IT Risk Assessment Sheet'!$N$2:$N$86, "2") -> 0 | E4: =COUNTIFS('IT Risk Assessment Sheet'!$M$2:$M$86, "4", 'IT Risk Assessment Sheet'!$N$2:$N$86, "3") -> 2 | F4: =COUNTIFS('IT Risk Assessment Sheet'!$M$2:$M$86, "4", 'IT Risk Assessment Sheet'!$N$2:$N$86, "4") -> 4 | G4: =COUNTIFS('IT Risk Assessment Sheet'!$M$2:$M$86, "4", 'IT Risk Assessment Sheet'!$N$2:$N$86, "5") -> 1 | L4: 4 | M4: =COUNTIFS('IT Risk Assessment Sheet'!$R$2:$R$86, "4", 'IT Risk Assessment Sheet'!$S$2:$S$86, "1") -> 0 | N4: =COUNTIFS('IT Risk Assessment Sheet'!$R$2:$R$86, "4", 'IT Risk Assessment Sheet'!$S$2:$S$86, "2") -> 0 | O4: =COUNTIFS('IT Risk Assessment Sheet'!$R$2:$R$86, "4", 'IT Risk Assessment Sheet'!$S$2:$S$86, "3") -> 0 | P4: =COUNTIFS('IT Risk Assessment Sheet'!$R$2:$R$86, "5", 'IT Risk Assessment Sheet'!$S$2:$S$86, "4") -> 0 | Q4: =COUNTIFS('IT Risk Assessment Sheet'!$R$2:$R$86, "5", 'IT Risk Assessment Sheet'!$S$2:$S$86, "5") -> 0 | T4: Not Acceptable
B5: 3 | C5: =COUNTIFS('IT Risk Assessment Sheet'!$M$2:$M$86, "3", 'IT Risk Assessment Sheet'!$N$2:$N$86, "1") -> 1 | D5: =COUNTIFS('IT Risk Assessment Sheet'!$M$2:$M$86, "3", 'IT Risk Assessment Sheet'!$N$2:$N$86, "2") -> 12 | E5: =COUNTIFS('IT Risk Assessment Sheet'!$M$2:$M$86, "3", 'IT Risk Assessment Sheet'!$N$2:$N$86, "3") -> 28 | F5: =COUNTIFS('IT Risk Assessment Sheet'!$M$2:$M$86, "3", 'IT Risk Assessment Sheet'!$N$2:$N$86, "4") -> 26 | G5: =COUNTIFS('IT Risk Assessment Sheet'!$M$2:$M$86, "3", 'IT Risk Assessment Sheet'!$N$2:$N$86, "5") -> 0 | L5: 3 | M5: =COUNTIFS('IT Risk Assessment Sheet'!$R$2:$R$86, "3", 'IT Risk Assessment Sheet'!$S$2:$S$86, "1") -> 1 | N5: =COUNTIFS('IT Risk Assessment Sheet'!$R$2:$R$86, "3", 'IT Risk Assessment Sheet'!$S$2:$S$86, "2") -> 0 | O5: =COUNTIFS('IT Risk Assessment Sheet'!$R$2:$R$86, "3", 'IT Risk Assessment Sheet'!$S$2:$S$86, "3") -> 2 | P5: =COUNTIFS('IT Risk Assessment Sheet'!$R$2:$R$86, "3", 'IT Risk Assessment Sheet'!$S$2:$S$86, "4") -> 0 | Q5: =COUNTIFS('IT Risk Assessment Sheet'!$R$2:$R$86, "3", 'IT Risk Assessment Sheet'!$S$2:$S$86, "5") -> 0 | T5: Acceptable with further improvements
B6: 2 | C6: =COUNTIFS('IT Risk Assessment Sheet'!$M$2:$M$86, "2", 'IT Risk Assessment Sheet'!$N$2:$N$86, "1") -> 0 | D6: =COUNTIFS('IT Risk Assessment Sheet'!$M$2:$M$86, "2", 'IT Risk Assessment Sheet'!$N$2:$N$86, "2") -> 5 | E6: =COUNTIFS('IT Risk Assessment Sheet'!$M$2:$M$86, "2", 'IT Risk Assessment Sheet'!$N$2:$N$86, "3") -> 6 | F6: =COUNTIFS('IT Risk Assessment Sheet'!$M$2:$M$86, "2", 'IT Risk Assessment Sheet'!$N$2:$N$86, "4") -> 0 | G6: =COUNTIFS('IT Risk Assessment Sheet'!$M$2:$M$86, "2", 'IT Risk Assessment Sheet'!$N$2:$N$86, "5") -> 0 | L6: 2 | M6: =COUNTIFS('IT Risk Assessment Sheet'!$R$2:$R$86, "2", 'IT Risk Assessment Sheet'!$S$2:$S$86, "1") -> 11 | N6: =COUNTIFS('IT Risk Assessment Sheet'!$R$2:$R$86, "2", 'IT Risk Assessment Sheet'!$S$2:$S$86, "2") -> 51 | O6: =COUNTIFS('IT Risk Assessment Sheet'!$R$2:$R$86, "2", 'IT Risk Assessment Sheet'!$S$2:$S$86, "3") -> 14 | P6: =COUNTIFS('IT Risk Assessment Sheet'!$R$2:$R$86, "2", 'IT Risk Assessment Sheet'!$S$2:$S$86, "4") -> 0 | Q6: =COUNTIFS('IT Risk Assessment Sheet'!$R$2:$R$86, "2", 'IT Risk Assessment Sheet'!$S$2:$S$86, "5") -> 0 | T6: Acceptable Risk
B7: 1 | C7: =COUNTIFS('IT Risk Assessment Sheet'!$M$2:$M$86, "1", 'IT Risk Assessment Sheet'!$N$2:$N$86, "1") -> 0 | D7: =COUNTIFS('IT Risk Assessment Sheet'!$M$2:$M$86, "1", 'IT Risk Assessment Sheet'!$N$2:$N$86, "2") -> 0 | E7: =COUNTIFS('IT Risk Assessment Sheet'!$M$2:$M$86, "1", 'IT Risk Assessment Sheet'!$N$2:$N$86, "3") -> 0 | F7: =COUNTIFS('IT Risk Assessment Sheet'!$M$2:$M$86, "1", 'IT Risk Assessment Sheet'!$N$2:$N$86, "4") -> 0 | G7: =COUNTIFS('IT Risk Assessment Sheet'!$M$2:$M$86, "1", 'IT Risk Assessment Sheet'!$N$2:$N$86, "5") -> 0 | L7: 1 | M7: =COUNTIFS('IT Risk Assessment Sheet'!$R$2:$R$86, "1", 'IT Risk Assessment Sheet'!$S$2:$S$86, "1") -> 3 | N7: =COUNTIFS('IT Risk Assessment Sheet'!$R$2:$R$86, "1", 'IT Risk Assessment Sheet'!$S$2:$S$86, "2") -> 3 | O7: =COUNTIFS('IT Risk Assessment Sheet'!$R$2:$R$86, "1", 'IT Risk Assessment Sheet'!$S$2:$S$86, "3") -> 0 | P7: =COUNTIFS('IT Risk Assessment Sheet'!$R$2:$R$86, "1", 'IT Risk Assessment Sheet'!$S$2:$S$86, "4") -> 0 | Q7: =COUNTIFS('IT Risk Assessment Sheet'!$R$2:$R$86, "1", 'IT Risk Assessment Sheet'!$S$2:$S$86, "5") -> 0
C8: 1 | D8: 2 | E8: 3 | F8: 4 | G8: 5 | M8: 1 | N8: 2 | O8: 3 | P8: 4 | Q8: 5
C9: Severity/Impact | M9: Severity/Impact

Sheet IT Risk Assessment Sheet
A1: S.No | B1: Assets/Process | C1: Category | D1: Owner | E1: Custodian | F1: Location | G1: C | H1: I | I1: A | J1: CIA Score | K1: Threat | L1: Vulnerability | M1: Probability | N1: Impact | O1: Risk Score | P1: Existing Controls | Q1: Controls From 27001:2022 | R1: Probability | S1: Impact | T1: Residual Risk Score | U1: Recommended Action | V1: Management Response
A2: 1 | B2: IT Asset Management (Desktop, Laptops, Portable Data Storage Devices, Smartphones) | C2: Process | D2: IT Dept | E2: Individual | F2: Mobile | G2: 2 | H2: 2 | I2: 2 | J2: =G2*H2*I2 -> 8 | K2: Malicious Code,Malware, Ransomware | L2: No Antivirus, No patch management, No firewall, Outdated/End of life operating system, Lack of employee awareness | M2: 3 | N2: 3 | O2: =J2*M2*N2 -> 72 | P2: Crowdstrike EDR (Antivirus), Palo Alto NGFW with IDS & IPS, Fortigate Network Firewall, Zscaler web firewall & Zero Trust Network Architecture, Automatic patch updation through Microsoft Intune, Latest Windows OS version, Employee Awareness through Knowbe4 Security Training & Awareness platform, Halcyon anti ransomware tool | Q2: A.8.7 | R2: 2 | S2: 2 | T2: =J2*R2*S2 -> 32 | V2: Risk Accepted by Management
K3: Unauthorized Access | L3: Weak Access control, Weak Password Policy, No Session Timeout configured, No Accont Lockout configured, MFA not enabled, Login from unknown locations not restricted & monitored, Lack of employee awareness | M3: 3 | N3: 3 | O3: =J2*M3*N3 -> 72 | P3: Strong Password Policy, Multi Factor Authentication enabled & mandatory, Conditional Access Policy enabled on Office 365, Strong Access Controls, Session Timeout Configured, Account Lockout Configured, 24X7 Event Monitoring by SOC, Employee Awareness through Knowbe4 Security Training & Awareness platform, Darktrace IDM | Q3: A.5.15 A.5.18 A.8.1 A.8.3 A.8.5 A.8.16 | R3: 2 | S3: 2 | T3: =J2*R2*S2 -> 32 | V3: Risk Accepted by Management
K4: Hardware Failure | L4: Inadequate AMC, Aging H/W | M4: 3 | N4: 2 | O4: =J2*M4*N4 -> 48 | P4: H/W Warranty | Q4: A.7.13 | R4: 3 | S4: 1 | T4: =J2*R4*S4 -> 24 | V4: Risk Accepted by Management
K5: Data Loss | L5: No Antivirus, No backup mechanism, No patch management,No clear desk & clear screen policy | M5: 3 | N5: 3 | O5: =J2*M5*N5 -> 72 | P5: Data stored on cloud, Data stored in redundant locations, Recovery of Deleted Data, Azure Data Loss Prevention, Azure Information Protection, Archival & Retention Policies,Altaro Office 365 Backup, Hard Disk Encryption with Bitlocker, Intune Wipe, Clear Screen & Clear Desk policy, Employee Awareness through Knowbe4 Security Training & Awareness platform, Darktrace DLP, Bitraser Data Sanitization | Q5: A.7.7 A.8.10 A.8.12 | R5: 2 | S5: 2 | T5: =J2*R5*S5 -> 32 | V5: Risk Accepted by Management
K6: Data leakage | L6: No Data Sanitization, Lack of awareness, Malicious acts | M6: 3 | N6: 3 | O6: =J2*M6*N6 -> 72 | P6: 3rd Party Data Data Sanitization tool, Employee Discipline Procedure (HR) ,System Audit logs, NDA, Employee Awareness through Knowbe4 Security Training & Awareness platform | Q6: A.6.6 A.7.14 A.8.10 A.8.12 | R6: 2 | S6: 2 | T6: =J2*R6*S6 -> 32
K7: Loss of asset | L7: Inadequate Physical Security Controls, Inadequate Security procedures by employee, lack of awareness, negligence, No inventory of assets, Assets not labelled, Assets not returned by employee upon seperation, No insurance | M7: 2 | N7: 3 | O7: =J2*M7*N7 -> 48 | P7: Employee Awareness through Knowbe4 Security Training & Awareness platform, Employee Acknowldgement on IT Asset terms & conditions in helpdesk portal, Access Control System, Physical Security Controls, CCTV, Gatepass, Device Insurance, All IT assets labelled, IT Asset List maintained, Hard Disk Encryption with Bitlocker, Intune Wipe, Final Clearance Form signed by IT only upon return of assigned IT assets | Q7: A.5.9 A.5.10 A.5.11 A.7.3 A.7.9 | R7: 2 | S7: 1 | T7: =J2*R7*S7 -> 16 | V7: Risk Accepted by Management
A8: 2 | B8: IT Asset Management (Other IT Assets - Printers, Copy Machines) | C8: Process | D8: IT Dept | E8: Individual | F8: Fixed | G8: 1 | H8: 1 | I8: 1 | J8: =G8*H8*I8 -> 1 | K8: Hardware Failure | L8: Inadequate AMC, Aging H/W | M8: 3 | N8: 2 | O8: =J8*M8*N8 -> 6 | P8: H/W AMC & Warranty, Secure printing from any machine | Q8: A.7.13 | R8: 2 | S8: 1 | T8: =J8*R8*S8 -> 2 | V8: Risk Accepted by Management
K9: Loss of asset | L9: Inadequate Physical Security Controls, No inventory of assets, Assets not labelled, Assets not returned by employee upon seperation | M9: 3 | N9: 2 | O9: =J8*M9*N9 -> 6 | P9: Physical Security Controls, CCTV, Gatepass, All IT assets labelled, IT Asset List maintained, Final Clearance Form signed by IT only upon return of assigned IT assets | Q9: A.5.9 A.5.10 A.5.11 A.7.3 A.7.8 A.7.9 | R9: 1 | S9: 1 | T9: =J8*R9*S9 -> 1
K10: Data Loss | L10: Unauthorized Access | M10: 3 | N10: 2 | O10: =J8*M10*N10 -> 6 | P10: Printing secured with PIN/Windows Login & Password/Access Card | Q10: A.5.15 A.8.5 | R10: 2 | S10: 1 | T10: =J8*R10*S10 -> 2 | V10: Risk Accepted by Management
A11: 3 | B11: Endpoint Security | C11: Process | D11: IT Dept | E11: Individual | F11: Mobile | G11: 3 | H11: 3 | I11: 3 | J11: =G11*H11*I11 -> 27 | K11: Malicious Code,Malware, Ransomware | L11: No Antivirus, No patch management, No firewall, Outdated/End of life operating system, Lack of employee awareness | M11: 4 | N11: 4 | O11: =J11*M11*N11 -> 432 | P11: Crowdstrike EDR (Antivirus), Palo Alto NGFW with IDS & IPS, Fortigate Network Firewall, Zscaler web firewall & Zero Trust Network Architecture, Automatic patch updation through Microsoft Intune, Latest Windows OS version, Employee Awareness through Knowbe4 Security Training & Awareness platform, Halcyon anti ransomware tool | Q11: A.8.7 | R11: 3 | S11: 3 | T11: =J11*R11*S11 -> 243
K12: Unauthorized Access | L12: Weak Access control, Weak Password Policy, No Session Timeout configured, No Accont Lockout configured, MFA not enabled, Login from unknown locations not restricted & monitored, Lack of employee awareness | M12: 4 | N12: 3 | O12: =J11*M12*N12 -> 324 | P12: Strong Password Policy, Multi Factor Authentication enabled & mandatory, Conditional Access Policy enabled on Office 365, Strong Access Controls, Session Timeout Configured, Account Lockout Configured, 24X7 Event Monitoring by SOC, Employee Awareness through Knowbe4 Security Training & Awareness platform, Darktrace IDM | Q12: A.5.15 A.5.18 A.8.1 A.8.3 A.8.5 A.8.16 | R12: 2 | S12: 3 | T12: =J11*R12*S12 -> 162
K13: Data Loss | L13: No Antivirus, No backup mechanism, No patch management,No clear desk & clear screen policy | M13: 3 | N13: 3 | O13: =J11*M13*N13 -> 243 | P13: Data stored on cloud, Data stored in redundant locations, Recovery of Deleted Data, Azure Data Loss Prevention, Azure Information Protection, Archival & Retention Policies,Altaro Office 365 Backup, Hard Disk Encryption with Bitlocker, Intune Wipe, Clear Screen & Clear Desk policy, Employee Awareness through Knowbe4 Security Training & Awareness platform, Darktrace DLP, Bitraser Data Sanitization | Q13: A.7.7 A.8.10 A.8.12 | R13: 2 | S13: 3 | T13: =J11*R13*S13 -> 162
K14: Data leakage | L14: No Data Sanitization, Lack of awareness, Malicious acts | M14: 3 | N14: 3 | O14: =J11*M14*N14 -> 243 | P14: Intune Wipe, 3rd Party Data Data Sanitization tool, Employee Discipline Procedure (HR) ,System Audit logs, NDA, Employee Awareness through Knowbe4 Security Training & Awareness platform | Q14: A.6.6 A.7.14 A.8.10 A.8.12 | R14: 2 | S14: 2 | T14: =J11*R14*S14 -> 108
A15: 4 | B15: Physical Access Control (Access Control Devices, CCTV) | C15: Process | D15: IT Dept/Security | E15: IT Dept/Security | F15: Fixed | G15: 1 | H15: 1 | I15: 2 | J15: =G15*H15*I15 -> 2 | K15: Device Failure | L15: Inadequate AMC, Aging H/W | M15: 2 | N15: 2 | O15: =J15*M15*N15 -> 8 | P15: H/W AMC | Q15: A.7.13 | R15: 1 | S15: 1 | T15: =J15*R15*S15 -> 2 | V15: Risk Accepted by Management
K16: Unauthorized Access | L16: Equipment Tampering, Data loss | M16: 2 | N16: 2 | O16: =J15*M16*N16 -> 8 | P16: Access Control Devices, Centralized 24X7 CCTV Monitoring, Data Backup, Isolated Network, High Availability of Storage | Q16: A.7.3 A.7.4 | R16: 1 | S16: 2 | T16: =J15*R16*S16 -> 4 | V16: Risk Accepted by Management
A17: 5 | B17: Network Infrastructure Management (Routers, Access Switches, Core Switches, Wifi Routers, Firewall) | C17: Process | D17: IT Dept | E17: IT Dept | F17: Fixed | G17: 2 | H17: 2 | I17: 3 | J17: =G17*H17*I17 -> 12 | K17: Unauthorized Access | L17: Weak Access control | M17: 2 | N17: 3 | O17: =J17*M17*N17 -> 72 | P17: Strong Password Policy, Secure Network racks, Network segregation through VLAN's, Network Firewall | Q17: A.5.15 A.7.8 A.8.3 A.8.5 A.8.20 A.8.21 A.8.22 | R17: 2 | S17: 2 | T17: =J17*R17*S17 -> 48 | V17: Risk Accepted by Management
K18: Loss of asset | L18: Weak physical access control | M18: 2 | N18: 2 | O18: =J17*M18*N18 -> 48 | P18: Secure network racks, Access Control Devices, Centralized 24X7 CCTV Monitoring | Q18: A.7.3 A.7.4 A.7.8 A.8.20 | R18: 1 | S18: 2 | T18: =J17*R18*S18 -> 24 | V18: Risk Accepted by Management
K19: Hardware Failure, Old Network | L19: Inadequate AMC, Aging H/W | M19: 3 | N19: 4 | O19: =J17*M19*N19 -> 144 | P19: H/W AMC, Redundant Hardware | Q19: A.7.13 | R19: 2 | S19: 2 | T19: =J17*R19*S19 -> 48
K20: Unapproved Changes/configurations | L20: Malfunctioning, failure, service disruption | M20: 3 | N20: 4 | O20: =J17*M20*N20 -> 144 | P20: Change Management procedure, Roles & Responsibility Matrix, Changes done using Sectona PAM login, Recorded Sessions | Q20: A.5.3 A.8.9 A.8.32 | R20: 2 | S20: 2 | T20: =J17*R20*S20 -> 48
K21: Malicious Code,Malware, Ransomware, other network attacks (virus, botnet, DDOS, APT, MITM, Spoofing, Sniffing etc.) | L21: No network segregation, No firewall, Outdated/End of life firmware, Encryption not enabled, No network traffic/ log monitoring & review, No periodic VAPT | M21: 3 | N21: 3 | O21: =J17*M21*N21 -> 108 | P21: Network segregation through VLAN's, Secure VPN Tunnels, Palo Alto NGFW with IDS & IPS, Fortigate Network Firewall, Firmware upgrade, All network devices encrypted, Network Traffic routed through Zscaler ZTNA, 24X7 log monitoring by STC SOC, Quarterly VAPT conducted, Integration with NCSC SIEM, Darktrace NDR | Q21: A.8.7 A.8.8 A.8.16 A.8.20 A.8.21 A.8.22 A.8.24 | R21: 2 | S21: 2 | T21: =J17*R21*S21 -> 48 | V21: Risk Accepted by Management
A22: 6 | B22: Network Infrastructure Management (IP Telephony) | C22: Process | D22: IT Dept | E22: Individual | F22: Fixed | G22: 1 | H22: 1 | I22: 2 | J22: =G22*H22*I22 -> 2 | K22: Unauthorized Access | L22: Weak Access Controls | M22: 2 | N22: 2 | O22: =J22*M22*N22 -> 8 | P22: Dedicated MPLS Link, Username & password, Separate Voice VLAN, Server maintained by Service Provider | Q22: A.8.3 A.8.5 A.8.20 A.8.21 A.8.22 | R22: 1 | S22: 1 | T22: =J22*R22*S22 -> 2
K23: Hardware Failure | L23: No vendor support, service disruption | M23: 3 | N23: 1 | O23: =J22*M23*N23 -> 6 | P23: Warranty & Support Contract with vendor, Avaya Workspace application on smartphones, Microsoft Teams | Q23: A.7.13 A.8.14 | R23: 2 | S23: 1 | T23: =J22*R23*S23 -> 4
A24: 7 | B24: Network Cabling Management (Fiber & Other Network Cables) | C24: Process | D24: IT Dept | E24: IT Dept | F24: Fixed | G24: 1 | H24: 1 | I24: 3 | J24: =G24*H24*I24 -> 3 | K24: Cable Failure, Cable Taping | L24: Aging, catastrophic, Pest Attack, Civil work incidents | M24: 2 | N24: 3 | O24: =J24*M24*N24 -> 18 | P24: Cabling drawings, notification before Civil work, Pest control, Redundant arrangements, Wireless connectivity, Company Smartphone with internet facility | Q24: A.7.12 A.8.14 | R24: 2 | S24: 1 | T24: =J24*R24*S24 -> 6 | V24: Risk Accepted by Management
K25: Cable Cut | L25: No fiber cable redundancy, No Wireless connection backup | M25: 2 | N25: 3 | O25: =J24*M25*N25 -> 18 | P25: Fiber Cable Redundancy, Wireless Devices, company smartphones with internet | Q25: A.7.12 A.8.14 | R25: 2 | S25: 1 | T25: =J24*R25*S25 -> 6
A26: 8 | B26: Internet Access Management | C26: Process | D26: IT Dept | E26: Individual | F26: Fixed | G26: 1 | H26: 2 | I26: 3 | J26: =G26*H26*I26 -> 6 | K26: Malicious Code,Malware, Ransomware | L26: No Antivirus, No firewall, No Web Filtering, File download from internet not restricted, Lack of employee awareness | M26: 3 | N26: 3 | O26: =J26*M26*N26 -> 54 | P26: Crowdstrike EDR (Antivirus), Palo Alto NGFW with IDS & IPS, Fortigate Network Firewall, Web Filtering policies via Zscaler web firewall & Zero Trust Network Architecture, Employee Awareness through Knowbe4 Security Training & Awareness platform | Q26: A.8.7 A.8.16 | R26: 2 | S26: 2 | T26: =J26*R26*S26 -> 24
K27: Unauthorized Access | L27: Weak Access control, Weak Password Policy, No Session Timeout configured, No Accont Lockout configured, MFA not enabled, Internet Access open for all users, Lack of employee awareness | M27: 3 | N27: 3 | O27: =J26*M27*N27 -> 54 | P27: Strong Password Policy, Multi Factor Authentication enabled & mandatory, Strong Access Controls, Session Timeout Configured, Account Lockout Configured, 24X7 Event Monitoring by SOC, Internet Access Request procedure through Helpdesk, Employee Awareness through Knowbe4 Security Training & Awareness platform | Q27: A.5.15 A.5.18 A.8.3 A.8.5 A.8.16 | R27: 2 | S27: 3 | T27: =J26*R27*S27 -> 36
A28: 9 | B28: Data Backup Management (tape, Storage & Cloud based backup) | C28: Process | D28: IT Dept | E28: IT Dept | F28: IT Dept | G28: 3 | H28: 3 | I28: 2 | J28: =G28*H28*I28 -> 18 | K28: Backup Storage Device H/F Failure, Misconfiguration | L28: Inadequate AMC, Aging H/W | M28: 3 | N28: 2 | O28: =J28*M28*N28 -> 108 | P28: H/W AMC, Backup to storage and tapes,Office 365 backup on cloud via Altaro | Q28: A.7.13 A.8.13 | R28: 2 | S28: 1 | T28: =J28*R28*S28 -> 36 | V28: Risk Accepted by Management
K29: Unapproved Changes/configurations | L29: Malfunctioning, failure, service disruption | M29: 3 | N29: 4 | O29: =J28*M29*N29 -> 216 | P29: Change Management procedure, Roles & Responsibility Matrix | Q29: A.5.3 A.8.9 A.8.32 | R29: 2 | S29: 2 | T29: =J28*R29*S29 -> 72
K30: Tape Failure | L30: Poor Storage, No Restoration testing | M30: 3 | N30: 3 | O30: =J28*M30*N30 -> 162 | P30: Backup tapes stored in Clean and Safe ienvironment in external location, Quarterly restoration testing of backup tapes conducted | Q30: A.7.10 A.7.13 | R30: 2 | S30: 2 | T30: =J28*R30*S30 -> 72
K31: Backup Tapes Lost in Transit, Tapes handed over to unauthorized personnel | L31: Data Loss, Data Leakage, No inventory | M31: 3 | N31: 3 | O31: =J28*M31*N31 -> 162 | P31: Hand delivery of backup tapes by authorized ASRY IT personnel, use of the tape backup deposit/return form | Q31: A.5.9 A.5.14 A.7.10 A.7.13 | R31: 2 | S31: 2 | T31: =J28*R31*S31 -> 72
K32: Data Loss/Corruption | L32: No Backup, No backup log monitoring & review, No restoration testing, deleted files, database corruption | M32: 3 | N32: 2 | O32: =J28*M32*N32 -> 108 | P32: Daily, Weekly, Monthly and Yearly Backup to storage and tapes, Office 365 backup on cloud via Altaro, Daily backup log monitoring & review, Quarterly restoration testing of backup tapes conducted, Data stored on cloud, Data stored in redundant locations, Recovery of Deleted Data, Archival & Retention Policies, Contract & NDA, Vendor Support | Q32: A.5.23 A.8.13 A.8.15 A.8.16 | R32: 2 | S32: 2 | T32: =J28*R32*S32 -> 72 | V32: Risk Accepted by Management
A33: 10 | B33: Configuration Management | C33: Process | D33: IT Dept | E33: IT Dept | F33: Mobile | G33: 3 | H33: 3 | I33: 3 | J33: =G33*H33*I33 -> 27 | K33: System Failure, Service Disruption | L33: Bugs, Incorrect configuration, No Version Control, Lack of Technical Expertise, No Configuration Backup | M33: 3 | N33: 4 | O33: =J33*M33*N33 -> 324 | P33: Vendor Support, AMC, Backup to storage and tapes | Q33: A.8.9 | R33: 2 | S33: 2 | T33: =J33*R33*S33 -> 108 | V33: Risk Accepted by Management
K34: Unapproved Configurations | L34: Lack of defined change management policy & procedures | M34: 3 | N34: 4 | O34: =J33*M34*N34 -> 324 | P34: Defined configuration management policy & procedures,defined role & responsibility matrix for configuration changes, Changes done through Sectona login, Recorded Sessions | Q34: A.5.3 A.8.9 A.8.32 | R34: 2 | S34: 2 | T34: =J33*R34*S34 -> 108 | V34: Risk Accepted by Management
A35: 11 | B35: Change Management | C35: Process | D35: IT Dept | E35: IT Dept | F35: IT Dept | G35: 2 | H35: 2 | I35: 2 | J35: =G35*H35*I35 -> 8 | K35: Unapproved Changes | L35: Lack of defined change management policy & procedures | M35: 3 | N35: 3 | O35: =J35*M35*N35 -> 72 | P35: Defined change management policy & procedures,defined role & responsibility matrix for change | Q35: A.5.3 A.8.32 | R35: 2 | S35: 2 | T35: =J35*R35*S35 -> 32
K36: Unauthorized Access | L36: Weak Access control, Weak Password Policy, No Session Timeout configured, Privileged Access rights not properly assigned, No Log Monitoring & Access Review | M36: 3 | N36: 3 | O36: =J35*M36*N36 -> 72 | P36: Strong Password Policy, Multi Factor Authentication enabled & mandatory, Strong Access Controls, Session Timeout Configured, Account Lockout Configured, Privileged access given based on approval as per defined roles & responsibility matrix, Periocid log monitoring & Access Review | Q36: A.5.3 A.5.15 A.5.18 A.8.1 A.8.3 A.8.5 A.8.2 A.8.4 A.8.16 | R36: 2 | S36: 2 | T36: =J35*R36*S36 -> 32
K37: Data Loss/Corruption | L37: No Testing, No Backup, Development, Test & Production environments not separated | M37: 3 | N37: 2 | O37: =J35*M37*N37 -> 48 | P37: Change Management Procedure via Helpdesk, Rollback plan, Test Case sheet used for UAT, Backup to storage and tapes, Separate Development, Test and Production environments, Changes moved to Production upon successful testing | Q37: A.8.19 A.8.31 A.8.32 A.8.33 | R37: 2 | S37: 2 | T37: =J35*R37*S37 -> 32
A38: 12 | B38: Capacity Planning | C38: Process | D38: IT Dept | E38: IT Dept | F38: IT Dept | G38: 1 | H38: 1 | I38: 2 | J38: =G38*H38*I38 -> 2 | K38: System Failure, Service Disruption | L38: Lack of capacity utilization monitoring | M38: 3 | N38: 4 | O38: =J38*M38*N38 -> 24 | P38: Yearly Resource Forecasting, Scalable Cloud based Infrastructure, 24X7 Event Monitoring by SOC | Q38: A.8.6 | R38: 2 | S38: 2 | T38: =J38*R38*S38 -> 8 | V38: Risk Accepted by Management
A39: 13 | B39: Supplier/Vendor Management | C39: Process | D39: IT Dept | E39: IT Dept/Supply Chain | F39: Mobile | G39: 2 | H39: 2 | I39: 2 | J39: =G39*H39*I39 -> 8 | K39: Single source of support | L39: Non Availability | M39: 3 | N39: 3 | O39: =J39*M39*N39 -> 72 | P39: Identification of alternate support vendors | Q39: A.5.22 | R39: 2 | S39: 2 | T39: =J39*R39*S39 -> 32 | V39: Risk Accepted by Management
K40: Data Leakage | L40: No NDA, Data in vendor custody | M40: 3 | N40: 2 | O40: =J39*M40*N40 -> 48 | P40: NDA with vendors, All data is owned by ASRY, Maintenance activties done wth prior approval of ASRY. Supply Chain Dept. maintains a database of all IT vendors. | Q40: A.5.19 A.5.20 A.5.21 | R40: 2 | S40: 2 | T40: =J39*R40*S40 -> 32
K41: inadequate technical competence | L41: No technical competence evaluation for vendors | M41: 3 | N41: 2 | O41: =J39*M41*N41 -> 48 | P41: Background check of vendors doen by Supply Chain Dept. | Q41: A.5.19 A.5.20 A.5.21 | R41: 2 | S41: 1 | T41: =J39*R41*S41 -> 16
K42: High turn around time for support | L42: No technical competence evaluation for vendors, No SLA signoff with vendor, No Performance review of vendors | M42: 3 | N42: 2 | O42: =J39*M42*N42 -> 48 | P42: Vendor contract including SLA, background check of vendors, Vendor performance review conducted by Suppy Chain Dept upon contract renewal | Q42: A.5.19 A.5.20 A.5.21 | R42: 2 | S42: 1 | T42: =J39*R42*S42 -> 16
K43: Unapproved Changes | L43: Lack of defined change management policy & procedures, Changes not approved by ASRY | M43: 3 | N43: 3 | O43: =J39*M43*N43 -> 72 | P43: Defined change management policy & procedures,defined role & responsibility matrix for change, All changes approved by ASRy prior to deployment | Q43: A.5.3 A.5.19 A.5.20 A.5.21 A.8.32 | R43: 2 | S43: 2 | T43: =J39*R43*S43 -> 32
A44: 14 | B44: Cybersecurity of Information Technology Systems (including but not limited to network, applications, databases, servers, internet, email, cloud services, laptops, PC's, printers, other hardwares & softwares etc.) | C44: Process | D44: IT Dept | E44: IT Dept | F44: Mobile | G44: 4 | H44: 4 | I44: 4 | J44: =G44*H44*I44 -> 64 | K44: Cybersecurity Threats (including but not limited to Social Engineering, Spam, Phishing, Business Email Compromise, Malware attacks, Ransomware attacks, Virus attacks, DDOS or MITM attacks, Zero Day Exploits, SQL Injection, CSS attacks, Weak passwords, APT, SQL Injection,Cloud Vulnerabilities, Brute Force attacks, Windows Vulnerabilities etc) | L44: Weak or insufficient multi-layered cybersecurity controls | M44: 4 | N44: 5 | O44: =J44*M44*N44 -> 1280 | P44: Palo Alto NGFW with IDS & IPS, Crowdstrike Endpoint Detection & Response system, Microsoft Office 365 with ATP for email security, Knowbe4 Phish Alert & PhishER solution to prevent phishing, Microsoft Intune Patch Management system, ISO 27001:2022 information security framework , End-to-end Managed Security Services solution to detect, isolate, respond, and prevent cybersecurity incidents, Periodic information Security awareness campaigns for all users , Knowbe4 Security Training & Awareness software, Periodic VAPT, Periodic internal and external audits ensuring adequate controls are in place to comply with required standards and industry best practices, Segregation of network and using VLAN's & secure VPN tunnels, Strong password policies, Multi Factor Authentication, Log monitoring and review, Office 365 backup, Sectona PAM, Contact with external authorities like NCSC for Cybersecurity & Threat Intelligence data sharing & participation in national cyber drills, Affiliation with ISACA, Integration with NCSC SIEM, Darktrace- Email Security, DLP, NDR & IDM, Halcyon anti ransomware tool | Q44: A.5.1 A.5.5 A.5.6 A.5.7 A.5.23 A.5.26 A.5.29 A.5.33 A.5.34 A.5.35 A.5.36 A.8.3 A.8.7 A.8.8 A.8.12 A.8.20 A.8.21 A.8.34 | R44: 2 | S44: 3 | T44: =J44*R44*S44 -> 384 | V44: Risk Accepted by Management
A45: 15 | B45: Software License Management | C45: Process | D45: IT Dept | E45: IT Dept | F45: Fixed | G45: 2 | H45: 2 | I45: 2 | J45: =G45*H45*I45 -> 8 | K45: IPR Breach | L45: Unlicensed software, Inadequate Licenses | M45: 3 | N45: 3 | O45: =J45*M45*N45 -> 72 | P45: Only licensed software used, Subscription based licenses, Adequate number of licenses, Software installation by end user restricted through Active Directory Group Policy, Crowdstrike EDR & Zscaler | Q45: A.5.31 A.5.32 A.8.19 | R45: 2 | S45: 2 | T45: =J45*R45*S45 -> 32 | V45: Risk Accepted by Management
K46: Legal Issues | L46: No Licenses Inventory, Non-compliance, Penalty | M46: 3 | N46: 4 | O46: =J45*M46*N46 -> 96 | P46: Licenses Inventory in Manage Engine, Software installation by end user restricted through Active Directory Group Policy, Crowdstrike EDR & Zscaler | Q46: A.5.31 A.5.32 A.8.19 | R46: 2 | S46: 2 | T46: =J45*R46*S46 -> 32 | V46: Risk Accepted by Management
A47: 16 | B47: IT Policies & Procedures Management | C47: Process | D47: IT Dept | E47: IT Dept/Mgt Audit | F47: Fixed | G47: 1 | H47: 1 | I47: 2 | J47: =G47*H47*I47 -> 2 | K47: No clear direction or objectives for IT and end users, enforcement not possible, outdated policy | L47: IT policies and procedures not documented, Policy & procedure documents not reviewed, No version control, Policy & Procedure documents not signed by Management, Policies & Procedures not communicated to end users | M47: 4 | N47: 3 | O47: =J47*M47*N47 -> 24 | P47: Documented IT policy and procedure documents, Periodic reviews of policies and procedures, Version control through quality index, Policy & Procedure documents updated on quality index by Mgt Audit Dept only after signoff from Management, All documents available on Centralized Repository (Quality Index) for end users, SwissGRC tool | Q47: A.5.1 A.5.2 A.5.4 A.5.36 A.5.37 | R47: 2 | S47: 2 | T47: =J47*R47*S47 -> 8 | V47: Risk Accepted by Management
A48: 17 | B48: Remote Working | C48: Process | D48: IT Dept | E48: Individual | F48: Mobile | G48: 2 | H48: 2 | I48: 2 | J48: =G48*H48*I48 -> 8 | K48: Malicious Code,Malware, Ransomware | L48: No Antivirus, No patch management, No firewall, Outdated/End of life operating system, Lack of employee awareness | M48: 3 | N48: 3 | O48: =J48*M48*N48 -> 72 | P48: Crowdstrike EDR (Antivirus), Windows Firewall Enabled, Zscaler web firewall & Zero Trust Network Architecture, Automatic patch updation through Microsoft Intune, Latest Windows OS version, Office365 & ERP are Saas based and security managed by Infor & Microsoft, Employee Awareness through Knowbe4 Security Training & Awareness platform, Darktrace IDM, Halcyon anto ransomware tool | Q48: A.6.7 A.8.7 | R48: 2 | S48: 2 | T48: =J48*R48*S48 -> 32
K49: Unauthorized Access | L49: Weak Access control, Weak Password Policy, No Session Timeout configured, No Accont Lockout configured, MFA not enabled, Login from unknown locations not restricted & monitored, Lack of employee awareness | M49: 3 | N49: 3 | O49: =J48*M49*N49 -> 72 | P49: Strong Password Policy, Multi Factor Authentication enabled & mandatory, Conditional Access Policy enabled on Office 365, Strong Access Controls, Session Timeout Configured, Account Lockout Configured, Traffic routed through Zscaler web firewall (user unable to connect to ASRY applications if no Zcaler client is installed), 24X7 Event Monitoring by SOC, Employee Awareness through Knowbe4 Security Training & Awareness platform, Darktrace IDM | Q49: A.5.15 A.5.18 A.6.7 A.8.1 A.8.3 A.8.5 A.8.16 | R49: 2 | S49: 2 | T49: =J48*R49*S49 -> 32
K50: Data Loss | L50: No Antivirus, No backup mechanism, No patch management,No clear desk & clear screen policy, shoulder surfing | M50: 3 | N50: 3 | O50: =J48*M50*N50 -> 72 | P50: Data stored on cloud, Data stored in redundant locations, Recovery of Deleted Data, Azure Data Loss Prevention, Azure Information Protection, Archival & Retention Policies,Altaro Office 365 Backup, Clear Screen & Clear Desk policy, Employee Awareness through Knowbe4 Security Training & Awareness platform, Darktrace DLP, Halcyon anti ransomeware tool | Q50: A.6.7 A.7.7 A.8.10 A.8.12 | R50: 2 | S50: 2 | T50: =J48*R50*S50 -> 32
A51: 18 | B51: Project Management | C51: Process | D51: IT Dept | E51: IT Dept | F51: Fixed | G51: 2 | H51: 2 | I51: 2 | J51: =G51*H51*I51 -> 8 | K51: Lack of Security Considerations | L51: Exploitation of security exceptions | M51: 3 | N51: 2 | O51: =J51*M51*N51 -> 48 | P51: Defined project management policy & procedures,defined role & responsibility matrix for project, Signed Contract, NDA | Q51: A.5.1 A.5.2 A.5.4 A.5.8 A.5.37 | R51: 2 | S51: 2 | T51: =J51*R51*S51 -> 32
K52: Poor Quality of Code | L52: Gap in stakeholder communication, SDLC principles not followed inadequate testing, test cases not documented | M52: 3 | N52: 4 | O52: =J51*M52*N52 -> 96 | P52: Periodic project team workshops & meetings, Steering Committee meetings, SIT, UAT, Documentation of Test Cases, SDLC framework followed | Q52: A.5.8 A.8.4 A.8.25 A.8.26 A.8.27 A.8.28 A.8.29 A.8.31 A.8.32 A.8.33 | R52: 2 | S52: 2 | T52: =J51*R52*S52 -> 32
K53: Project Risk Management | L53: Project risks not documented and reviewed | M53: 3 | N53: 3 | O53: =J51*M53*N53 -> 72 | P53: Projects risks documented and reviewed periodically during project team meetings & Steering Committee meetings | Q53: A.5.8 | R53: 2 | S53: 2 | T53: =J51*R52*S52 -> 32
K54: Unapproved Changes/Configurations | L54: Malfunctioning, failure, poor quality fo code | M54: 3 | N54: 3 | O54: =J51*M54*N54 -> 72 | P54: Project Change Request, Roles & Responsibility Matrix, Signed Scope, MOSCOW List, Blueprint Document, Change Approval by Steering Committee | Q54: A.5.8 A.8.25 A.8.26 A.8.27 A.8.28 A.8.29 A.8.31 A.8.32 | R54: 2 | S54: 2 | T54: =J51*R54*S54 -> 32
A55: 19 | B55: Application Security | C55: Process | D55: IT Dept | E55: IT Dept | F55: Mobile | G55: 4 | H55: 4 | I55: 3 | J55: =G55*H55*I55 -> 48 | K55: Software Failure, Resources | L55: Bugs, Malicious codes, Ver. Control, loss of source & object codes, No proper testing, Secure Coding & SDLC principles not applied | M55: 3 | N55: 4 | O55: =J55*M55*N55 -> 576 | P55: Ver. Control, Testing processes in place, Code moved to production only after signoff, Secure Coding & SDLC principles applied, Backup to storage,tapes & cloud | Q55: A.8.7 A.8.19 A.8.25 A.8.26 A.8.27 A.8.28 A.8.29 A.8.33 | R55: 2 | S55: 2 | T55: =J55*R55*S55 -> 192
K56: Hardware Failure | L56: Inadequate AMC, Aging H/W | M56: 3 | N56: 3 | O56: =J55*M56*N56 -> 432 | P56: H/W AMC, Backup to storage and tapes, Hardware performance monitoring | Q56: A.7.13 A.8.13 A.8.16 | R56: 2 | S56: 2 | T56: =J55*R56*S56 -> 192
K57: Unauthorized Access | L57: Weak password configuration, Secure Authentication not in place, Excessive and inappropriate privileges assigned to users, Generic user accounts with administrative privileges, No access rights review, No Monitoring, User account not disabled upon separation | M57: 3 | N57: 4 | O57: =J55*M57*N57 -> 576 | P57: Strong password policy,Secure Authentication through SSO & MFA, Password Expiry, Session Timeout, Account Lockout, User account disbaled upon separation, Privileged access given based on approval as per defined roles & responsibility matrix, Generic accounts disabled from applications, Quarterly user access rights review, Periodic Log Monitoring & Review, Audit Logs, Role Based Access for ERP (DEM), 24X7 Event monitoring by SOC, Integration with NCSC SIEM, Darktrace NDR | Q57: A.5.15 A.5.16 A.5.17 A.5.18 A.8.2 A.8.3 A.8.4 A.8.5 A.8.15 A.8.16 | R57: 2 | S57: 2 | T57: =J55*R56*S56 -> 192
K58: Data Loss/Corruption | L58: Data Tampering, Data Deletion,Data Leakage, No Backup | M58: 3 | N58: 4 | O58: =J55*M58*N58 -> 576 | P58: Role based access, Approved Access Request Form via Helpdesk, Quarterly user access rights review, Periodic Log Monitoring & Review, Audit Logs, Data backup on Tape, Storage & Cloud | Q58: A.5.15 A.5.16 A.5.17 A.5.18 A.8.2 A.8.3 A.8.4 A.8.5 A.8.13 A.8.15 A.8.16 | R58: 2 | S58: 2 | T58: =J55*R58*S58 -> 192
K59: Unapproved Changes/configurations | L59: Malfunctioning, failure, service disruption, Database corruption, Development, Test & Production environment not separated | M59: 3 | N59: 4 | O59: =J55*M59*N59 -> 576 | P59: Change Request Procedure, Roles & Responsibility Matrix, Separation of production and test & development facilities | Q59: A.5.2 A.5.3 A.8.31 A.8.32 | R59: 2 | S59: 2 | T59: =J55*R59*S59 -> 192
A60: 20 | B60: Information Processing Faciltiies Security (On-prem Data Centers, IT Rooms) | C60: Process | D60: IT Dept/Security/Safety | E60: IT Dept/Security/Safety | F60: Fixed | G60: 2 | H60: 2 | I60: 3 | J60: =G60*H60*I60 -> 12 | K60: Natural Calamity (Flood, earthquake) | L60: Production Data Centers/ IT Rooms not accessible | M60: 2 | N60: 3 | O60: =J60*M60*N60 -> 72 | P60: Cloud based Microsoft Office 365 (including Exchange Online, Sharepoint, Teams & Onedrive), IP Telephony, Azure Cloud based Active Directory, Global Protect VPN, Zscaler (Zero Trust Network Architecture), Sectona PAM, Data Backup Tape Storage in offsite location, Altaro backup for Microsoft Office 365, Saas based Infor ERP system on AWS Cloud, Contact & Coordination with Designated Local Authority (Ministry of Interior) | Q60: A.5.4 A.5.5 A.7.5 A.7.6 A.8.13 A.8.14 | R60: 2 | S60: 1 | T60: =J60*R60*S60 -> 24
K61: Power outage | L61: Power feed from the single source, No UPS | M61: 3 | N61: 4 | O61: =J60*M61*N61 -> 144 | P61: UPS, Quarterly UPS Failover Testing, Redundant Power Source, Backup Generator, Redundant MPLS link, Wireless Devices, Cloud based Microsoft Office 365 (including Exchange Online, Sharepoint, Teams & Onedrive), IP Telephony, Azure Cloud based Active Directory, Global Protect VPN, Zscaler (Zero Trust Network Architecture), Data Backup Tape Storage in offsite location, Altaro backup for Microsoft Office 365, Saas based Infor ERP system on AWS Cloud | Q61: A.7.11 A.7.13 A.8.14 | R61: 2 | S61: 2 | T61: =J60*R61*S61 -> 48
K62: Unauthorized Access | L62: Weak Access control | M62: 3 | N62: 3 | O62: =J60*M62*N62 -> 108 | P62: Physical Security at the gate, CCTV, Access control system, Entry & Exit alerts on email, 24X7 Monitoring from Centralized CCTV Control Room | Q62: A.5.15 A.7.1 A.7.2 A.7.3 A.7.4 A.8.3 | R62: 2 | S62: 2 | T62: =J60*R62*S62 -> 48
K63: Unrest | L63: Production Data Centers/ IT Rooms not accessible | M63: 2 | N63: 2 | O63: =J60*M63*N63 -> 48 | P63: Cloud based Microsoft Office 365 (including Exchange Online, Sharepoint, Teams & Onedrive), IP Telephony, Azure Cloud based Active Directory, Global Protect VPN, Zscaler (Zero Trust Network Architecture), Sectona PAM, Data Backup Tape Storage in offsite location, Altaro backup for Microsoft Office 365, Saas based Infor ERP system on AWS Cloud, Contact & Coordination with Designated Local Authority (Ministry of Interior) | Q63: A.5.4 A.5.5 A.7.5 A.7.6 A.8.13 A.8.14 | R63: 2 | S63: 1 | T63: =J60*R63*S63 -> 24
K64: Water Leakage, Excessive Humidity | L64: Hardware Failure/Damage, Outage, Service Disruption | M64: 3 | N64: 3 | O64: =J60*M64*N64 -> 108 | P64: Raised Floor, Environment Control Sensors installed in all Data Centers and threshold defined, Event alerts on email, Periodic Data Center Maintenance conducted by 3rd Party | Q64: A.7.5 A.7.6 A.7.13 A.8.14 | R64: 2 | S64: 2 | T64: =J60*R64*S64 -> 48
K65: Fire | L65: No Fire suppression System, use of flammable materials, Timely control of fire, No periodic maintenance of fire suppession equipment | M65: 2 | N65: 3 | O65: =J60*M65*N65 -> 72 | P65: Fire Suppression system installed, All the material used and paint are fire rated.Ban of flammabe items kept and unattended, Periodic Checking & Maintenance of Fire Suppression equipment, Contact & Coordination with Designated Local Authority (Ministry of Interior) | Q65: A.5.4 A.5.5 A.7.5 A.7.6 A.7.13 A.8.14 | R65: 1 | S65: 2 | T65: =J60*R65*S65 -> 24
A66: 21 | B66: Business Continuity (IT Infrastructure & Systems) | C66: Process | D66: IT Dept | E66: IT Dept | F66: Mobile | G66: 2 | H66: 2 | I66: 4 | J66: =G66*H66*I66 -> 16 | K66: Non Availability | L66: System non-availability, lack of access to ASRY premises, no data backup, No documented DR Plan plan | M66: 3 | N66: 4 | O66: =J66*M66*N66 -> 192 | P66: AWS Cloud based Infor ERP system with highly redundant infrastructure with a guaranteed uptime of 99.5%, Anywhere anytime access through secure credentials, Provision of laptops for all ASRY employees to connect from anywhere in case ASRY HQ is not accessible, Complete Microsoft infrastructure(including Email, SharePoint, Teams, One drive, and Domain Controller)on Microsoft Azure Cloud, Cloud-based third-party backup software for complete Microsoft services, Cloud-based IP-Telephony system for all internal landlines and access to telephone extensions through mobile, Monthly and yearly data backup tapes storage on an offsite location, Documented & Approved DR Plan, Periodic data restoration testing, Contact & Coordination with Designated Local Authority (Ministry of Interior) | Q66: A.5.4 A.5.5 A.5.30 A.5.36 A.7.5 A.8.13 | R66: 2 | S66: 2 | T66: =J66*R66*S66 -> 64
A67: 22 | B67: Data Security | C67: Process | D67: IT Dept | E67: Individual | F67: Mobile | G67: 4 | H67: 4 | I67: 3 | J67: =G67*H67*I67 -> 48 | K67: Data Leakage/Data Loss | L67: Weak Access Controls, Malware/Ransomware/Phishing attacks, Data not masked, Data not Encrypted, No Data Classification, Data Deletion, Malicious Acts, No Data Backup, No Audit Trail, No Log Monitoring & Review, Lack of Awareness, Malicious Acts, No NDA, Data in vendor custody, Data in Cloud | M67: 4 | N67: 4 | O67: =J67*M67*N67 -> 768 | P67: Data stored on cloud (AWS, Onedrive,Sharepoint), Data stored in redundant locations, Recovery of Deleted Data, Azure Data Loss Prevention, Azure Information Protection (Information Classification/Labelling), Archival & Retention Policies,Altaro Office 365 Backup, Hard Disk Encryption with Bitlocker, Intune Wipe, Clear Screen & Clear Desk policy, Employee Awareness through Knowbe4 Security Training & Awareness platform, Contractual agreements and NDA with 3rd party vendors, Data Encryption in Transit & at Rest, Data Masking, Redundant Data Backup on Tapes, Storage & Cloud, 24X7 Event Monitoring by SOC, Bitraser Data Sanitization Tool, Darktrace IDM & DLP, Halcyon anti ransomeware | Q67: A.5.12 A.5.13 A.5.23 A.5.31 A.5.33 A.5.34 A.6.6 A.7.7 A.8.3 A.8.10 A.8.11 A.8.12 A.8.13 A.8.14 | R67: 2 | S67: 3 | T67: =J67*R67*S67 -> 288
A68: 23 | B68: Cloud Security (AWS/Infor ERP/Timetech/Matrix) | C68: Process | D68: IT Dept | E68: IT Dept | F68: Cloud | G68: 4 | H68: 4 | I68: 4 | J68: =G68*H68*I68 -> 64 | K68: Unauthorized Access | L68: Weak Access control, Weak Password Policy, No Session Timeout configured, No Account Lockout configured, MFA not enabled, Login from unknown locations not restricted & monitored, Lack of employee awareness | M68: 3 | N68: 4 | O68: =J68*M68*N68 -> 768 | P68: Strong Password Policy, Password Expiry, Single Sign-on login using windows username & password, Multi Factor Authentication , Conditional Access Policy enabled to restrict logins from unknown locations, Strong Access Controls, Session Timeout , Account Lockout , Virtual Private Cloud, Dedicated Secure VPN tunnel, IP based restricted access, Zscaler ZTNA, Web Application Firewall, 24X7 Event Monitoring by SOC, Employee Awareness through Knowbe4 Security Training & Awareness platform | Q68: A.5.15 A.5.18 A.5.23 A.8.2 A.8.3 A.8.5 A.8.16 | R68: 2 | S68: 3 | T68: =J68*R68*S68 -> 384
K69: Malicious Code,Malware, Ransomware | L69: Public Cloud, No Web Application Firewall, Connections not secure, No event monitoring, No Periodic VAPT | M69: 3 | N69: 4 | O69: =J68*M68*N68 -> 768 | P69: Virtual Private Cloud, Dedicated Secure VPN, Web Application Firewall, Zscaler ZTNA, Crowdstrike EDR, 24X7 Event Monitoring by SOC, Quarterly Vapt | Q69: A.8.7 A.8.8 A.8.15 A.8.16 A.8.17 | R69: 2 | S69: 3 | T69: =J68*R68*S68 -> 384
K70: Data Loss/Corruption | L70: No encryption for data in transit, no backup, deleted files, database corruption, Difference in Timestamp | M70: 3 | N70: 4 | O70: =J68*M70*N70 -> 768 | P70: Ipsec to VPC encryption, Server Instance & Data Isolation, TLS encryption for data in transit, Automated server snapshot every 10 mins, Data stored on cloud, Data stored in redundant locations, Recovery of Deleted Data, Archival & Retention Policies, SLA, USe of centralized ASRY NTP | Q70: A.5.23 A.5.33 A.5.34 A.8.10 A.8.11 A.8.12 A.8.13 A.8.17 | R70: 2 | S70: 3 | T70: =J68*R70*S70 -> 384
K71: Unapproved Changes/Misconfigurations | L71: Malfunctioning, failure, service disruption | M71: 3 | N71: 4 | O71: =J68*M71*N71 -> 768 | P71: Administrator rights restricted to only 2 people in IT, Administrator audit logs, Automated server snapshot every 10 mins, Guaranteed uptime of 99.95% during the service year (SLA) | Q71: A.5.23 A.8.2 A.8.3 A.8.9 A.8.32 | R71: 2 | S71: 3 | T71: =J68*R71*S71 -> 384
K72: Non Availability | L72: No internet connection, Site down | M72: 3 | N72: 4 | O72: =J68*M72*N72 -> 768 | P72: Redundant internet connection, Redundant servers hosted in multiple geographic locations, Guaranteed uptime of 99.95% during the service year (SLA) | Q72: A.5.23 A.8.14 | R72: 2 | S72: 3 | T72: =J68*R72*S72 -> 384
A73: 24 | B73: Cloud Security (Microsoft Office 365 - Email, Sharepoint, Onedrive, Teams) | C73: Process | D73: IT Dept | F73: Cloud | G73: 4 | H73: 4 | I73: 4 | J73: =G73*H73*I73 -> 64 | K73: Unauthorized Access | L73: Weak Access control, Weak Password Policy, No Session Timeout configured, No Account Lockout configured, MFA not enabled, Login from unknown locations not restricted & monitored, Lack of employee awareness | M73: 3 | N73: 4 | O73: =J73*M73*N73 -> 768 | P73: Strong Password Policy, Password Expiry, Single Sign-on login using windows username & password, Multi Factor Authentication , Conditional Access Policy enabled to restrict logins from unknown locations, Strong Access Controls, Session Timeout , Account Lockout , Dedicated Secure VPN tunnel, Zscaler ZTNA, 24X7 Event Monitoring by SOC, Employee Awareness through Knowbe4 Security Training & Awareness platform, Darktrace IDM | Q73: A.5.15 A.5.18 A.5.23 A.8.2 A.8.3 A.8.5 A.8.16 | R73: 2 | S73: 3 | T73: =J73*R73*S73 -> 384
K74: Malicious Code,Malware, Ransomware, Phishing, Spoofing | L74: Public Cloud, No Web Application Firewall, Connections not secure, No email filtering, SPF Record not published, No event monitoring, No Periodic VAPT, Lack of Awareness | M74: 4 | N74: 4 | O74: =J73*M74*N74 -> 1024 | P74: Dedicated Secure VPN, Web Application Firewall, Zscaler ZTNA, Azure Information Protection, Exchange Online Protection, Advanced Threat Protection,Crowdstrike EDR, SPF Record Published, Knowbe4 Phish Alert Addin to report phishing emails, Knowbe4 PhishER solution to classify, categorize and block phishing emails, 24X7 Event Monitoring by SOC, Quarterly VAPT, Employee Awareness through email campaigns and KNowbe4 Simulated Phishing Campaign module | Q74: A.8.7 A.8.8 A.8.15 A.8.16 A.8.17 | R74: 3 | S74: 3 | T74: =J73*R74*S74 -> 576
K75: Data Loss/Corruption | L75: No encryption for data in transit, no backup, deleted files, database corruption, Difference in Timestamp | M75: 3 | N75: 4 | O75: =J73*M75*N75 -> 768 | P75: Ipsec to VPC encryption, Server Instance & Data Isolation, TLS encryption for data in transit, Data stored on cloud, Data stored in redundant locations, Recovery of Deleted Data, Archival & Retention Policies, Azure Data Loss Prevention, SLA, Altaro Office 365 Backup, Use of centralized ASRY NTP, Darktrace Email Security & DLP | Q75: A.5.23 A.5.33 A.5.34 A.8.10 A.8.11 A.8.12 A.8.13 A.8.17 | R75: 2 | S75: 3 | T75: =J73*R75*S75 -> 384
K76: Unapproved Changes/Misconfigurations | L76: Malfunctioning, failure, service disruption | M76: 4 | N76: 4 | O76: =J73*M76*N76 -> 1024 | P76: Changes done using Sectona PAM login, Recorded Sessions, Administrator rights restricted to only 2 people in IT, Administrator audit logs, Guaranteed uptime of 99.95% during the service year (SLA) | Q76: A.5.23 A.8.2 A.8.3 A.8.9 A.8.32 | R76: 2 | S76: 3 | T76: =J73*R76*S76 -> 384
K77: Non Availability | L77: No internet connection, Site down | M77: 3 | N77: 4 | O77: =J73*M77*N77 -> 768 | P77: Redundant internet connection, Redundant servers hosted in multiple geographic locations, Guaranteed uptime of 99.95% during the service year (SLA) | Q77: A.5.23 A.8.14 | R77: 2 | S77: 3 | T77: =J73*R77*S77 -> 384
A78: 25 | B78: IT Infrastructure Security (Servers & Databases) | C78: Process | D78: IT Dept | E78: IT Dept | F78: Fixed | G78: 4 | H78: 4 | I78: 3 | J78: =G78*H78*I78 -> 48 | K78: Hardware Failure | L78: Inadequate AMC, Aging H/W | M78: 3 | N78: 3 | O78: =J78*M78*N78 -> 432 | P78: H/W AMC, Backup to storage and tapes, Hardware performance monitoring, Nutanix Hyperconverged setup with High Availability, | Q78: A.7.13 A.8.13 A.8.16 | R78: 2 | S78: 2 | T78: =J78*R78*S78 -> 192
K79: Unauthorized Access | L79: Weak password configuration, Secure Authentication not in place, Excessive and inappropriate privileges assigned to users, Generic user accounts with administrative privileges, No access rights review, No Monitoring, User account not disabled upon separation | M79: 3 | N79: 4 | O79: =J78*M79*N79 -> 576 | P79: Strong password policy,Secure Authentication through SSO & MFA, Password Expiry, Session Timeout, Account Lockout, User account disbaled upon separation, Privileged access given based on approval as per defined roles & responsibility matrix, Generic accounts disabled, Sectona PAM, Quarterly user access rights review, Periodic Log Monitoring & Review, Audit Logs, Role Based Access, 24X7 Event monitoring by SOC, Integration with NCSC SIEM, Darktrace NDR | Q79: A.5.15 A.5.16 A.5.17 A.5.18 A.8.2 A.8.3 A.8.4 A.8.5 A.8.15 A.8.16 | R79: 2 | S79: 2 | T79: =J78*R79*S79 -> 192
K80: Data Loss/Corruption | L80: Data Tampering, Data Deletion,Data Leakage, No Backup | M80: 3 | N80: 3 | O80: =J78*M80*N80 -> 432 | P80: Role based access, Approved Access Request Form via Helpdesk, Quarterly user access rights review, Periodic Log Monitoring & Review, Audit Logs, Data backup on Tape, Storage & Cloud, Halcyon anti ransomeware tool | Q80: A.5.15 A.5.16 A.5.17 A.5.18 A.8.2 A.8.3 A.8.4 A.8.5 A.8.13 A.8.15 A.8.16 | R80: 2 | S80: 2 | T80: =J78*R80*S80 -> 192
K81: Unapproved Changes/configurations | L81: Malfunctioning, failure, service disruption, Database corruption, Development, Test & Production environment not separated | M81: 3 | N81: 4 | O81: =J78*M81*N81 -> 576 | P81: Change Request Procedure, Roles & Responsibility Matrix, Separation of production and test & development facilities | Q81: A.5.2 A.5.3 A.8.31 A.8.32 | R81: 2 | S81: 2 | T81: =J78*R81*S81 -> 192
A82: 26 | B82: General IT Resource Security (People) | C82: Process | D82: IT Dept/HR | E82: IT Dept/HR | F82: Fixed | G82: 2 | H82: 2 | I82: 2 | J82: =G82*H82*I82 -> 8 | K82: Unauthorized Access | L82: Incorrect/Excessive Access Rights given, Access rights not revoked upon seperation, Lack of employee awareness, No Disciplinary Action Defined, No Access Rights Review, Inadequate Background Screening | M82: 3 | N82: 2 | O82: =J82*M82*N82 -> 48 | P82: User Access & Rights granted based on Dept Approval, User access blocked/removed upon receipt of Final Clearance Form from HR Dept, Privileged Access restricted through Sectona PAM, Disciplinary action as per HR Policy, 24X7 Event Monitoring by SOC, Periodic User Access rights review, Employee Awareness through Knowbe4 Security Training & Awareness platform, | Q82: A.5.15 A.5.18 A.6.1 A.6.2 A.6.3 A.6.4 A.6.5 A.8.3 A.8.5 A.8.15 A.8.16 | R82: 2 | S82: 2 | T82: =J82*R82*S82 -> 32
K83: Data Leakage | L83: Data Deletion, Malicious Acts, No Background Check, No Confidentiality/NDA undertaking, No Disciplinary Action Defined, Information Security responsibilities upon joining & separation not included in employment contract, Lack of Awareness, Inadequate Background Screening | M83: 3 | N83: 4 | O83: =J82*M83*N83 -> 96 | P83: Data stored on cloud (AWS, Onedrive,Sharepoint), Data stored in redundant locations, Recovery of Deleted Data, Azure Data Loss Prevention, Archival & Retention Policies,Altaro Office 365 Backup, Background check conducted by HR Dept, Information Security Undertaking, Employment Contract, Information Security Undertaking, Defined Roles & Responsibilities, Disciplinary action as per HR Policy, Employee Awareness through Knowbe4 Security Training & Awareness platform, 24X7 Event Monitoring by SOC, Thoroush background screening by HR team | Q83: A.5.2 A.5.3 A.5.10 A.6.1 A.6.2 A.6.3 A.6.4 A.6.5 A.6.6 A.8.3 A.8.10 A.8.12 A.8.15 A.8.16 | R83: 2 | S83: 2 | T83: =J82*R83*S83 -> 32
A84: 27 | B84: Information Security Incident Management | C84: Process | D84: IT Dept | E84: IT Dept | F84: Mobile | G84: 3 | H84: 3 | I84: 3 | J84: =G84*H84*I84 -> 27 | K84: Delay/Non Reporting of IT Incidents | L84: No Documented IT Incident Management Policy & Procedures, No defined IT Incident reporting channel, IT Incident Management Policies & Procedures not communicated to end users, Incident Reporting Responsibilities not defined, No Periodic Review of Incident Management Procedures, No event monitoring | M84: 3 | N84: 3 | O84: =J84*M84*N84 -> 243 | P84: Documented IT Incident Management Policy, Centralized IT Incident reporting through Helpdesk system, Defined roles & responsibilities for IT Incident Reporting, Periodic review of policies and procedures, Version control through quality index, IT Incident Management policy document available on Centralized Repository (Quality Index) for end users, 24X7 event & log monitoring by SOC, integration with NCSC SIEM | Q84: A.5.2 A.5.3 A.5.24 A.5.36 A.5.37 A.6.8 | R84: 2 | S84: 2 | T84: =J84*R84*S84 -> 108
K85: Delay in Incident Response | L85: Lack of Defined Incident Response Procedure, Incorrect Incident Categorization, Incident Response Roles & Responsibilities not defined, No incident auto detection & response policies configured in IT systems, Lack of proper/adequate event logs | M85: 3 | N85: 4 | O85: =J84*M85*N85 -> 324 | P85: Documented IT Incident Management & Response Policy, Centralized IT Incidentmanagement through Helpdesk system, Defined roles & responsibilities for IT Incident Management, System policies for auto detection & response of incidents (Crowdstrike EDR, Palo Alto Firewall with IDS & IPS, Fortigate Network Firewall, Zscaler ZTNA, Sectona PAM, Knowbe4 Phish Alert, Microsoft Intune, ATP & AIP), 24X7 SOC, horoush background screening by HR team | Q85: A.5.2 A.5.3 A.5.25 A.5.26 A.5.37 A.6.8 | R85: 2 | S85: 2 | T85: =J84*R85*S85 -> 108
K86: Reoccurance of IT Incidents | L86: Records/Evidences of IT Incidents not stored, Lessons learnt from previous incidents not documented, No Centralized Repository for Incident related data, No periodic review, No contact/coordination/data sharing with relevant external parteis | M86: 3 | N86: 3 | O86: =J84*M86*N86 -> 243 | P86: All IT Incident related data is logged & stored in the Helpdesk system, Incidents detected by SOC are logged in their system and immediately reported via email to ASRY, Monthly Review with SOC team for all IT Incidents reported, Contact with external authorities like NCSC for Cybersecurity & Threat Intelligence data sharing, Affiliation with ISACA | Q86: A.5.5 A.5.6 A.5.27 A.5.28 | R86: 2 | S86: 2 | T86: =J84*R86*S86 -> 108
B98: PREPARED BY: | K98: REVIEWED BY:
B103: SIGNATURES: | C103: ______________________________________________________ | K103: SIGNATURES: | L103: ______________________________________________________
B106: NAME: | C106: ANSHUMAN TRIPATHI | K106: NAME: | L106: MOHAMMED AL SHARQAWY
B108: TITLE: | C108: IT SECURITY ANALYST | K108: TITLE: | L108: IT SENIOR MANAGER (A)
B110: DATE: | C110: 16/07/2025 | K110: DATE: | L110: 17/07/2025
B117: APPROVED BY:
B123: SIGNATURES: | C123: ______________________________________________________
B125: NAME: | C125: SHAIKH MOHAMED RASHED ABDULRAHMAN AL KHALIFA
B127: TITLE: | C127: DEPUTY CHIEF EXECUTIVE OFFICER
B129: DATE: | C129: 17/07/2025

Sheet IT Risk Assessment Process
A1: IT Risk Assessment Process
A3: Risk Definition | C3: Define Risk
A5: ABC (Assessment of Business Criticality) | C5: Risk ABC | E5: Evaluate Risk Level
A7: Risk Assessment | E7: Full Risk Assessment
A9: Security Standards | G9: Apply Security Standards | I9: Define Controls | K9: Benchmark
A11: Risk Register | M11: Set next Review Date | O11: Load Risk Register

Sheet Threat Catalogue
B1: ASRY IT Threat Catalogue
B2: External attack
C3: Distributing computer viruses (including worms)
C4: Distributing SPAM
C5: Introducing malicious code
C6: Introducing Trojan horses
C7: Undertaking malicious probes or scans
C8: Carrying out denial of service attacks
C9: Spoofing user identities
C10: Social engineering
C11: Spoofing web sites
C12: Hacking into systems
C13: Cracking passwords
C14: Defacing web sites
... C17: Eavesdropping
B18: Human Error
C19: Mistakes made by IT/network staff
C20: User mistakes
B21: Internal misuse / abuse
C22: Downloading or sending of inappropriate content
C23: Installing unauthorised software
C24: Changing or adding software without authorisation
C25: Disclosing business information
C26: Gaining unauthorised access to systems or networks
C27: Disclosing authentication information
C28: Changing system privileges without authorisation
C29: Misusing systems to commit fraud
C30: Misusing systems to cause disruption
C31: Modifying or inserting transactions, files or databases without authorisation
B32: Malfunctions
C33: Malfunction of computer/network equipment
C34: Malfunction of business application software acquired from a third party
C35: Malfunction of application software developed in-house
C36: Malfunction of system software
B37: Service interruption
C38: Damage to, or loss of, communications links/services
C39: Loss of power
C40: System overload (eg due to excessive volume of traffic)
C41: Damage to or loss of ancillary equipment (eg air conditioning or a heating/cooling plant)
C42: Damage to, or loss of, computer facilities
C43: Natural disasters
B44: Theft
C45: Theft of portable computers and storage devices
C46: Theft of computer/network equipment
C47: Theft of proprietary business information
C48: Theft of authentication information/devices (eg passwords or Smart cards)
C49: Theft of identity information (eg as a result of Phishing)
C50: Theft of licensed software
C51: Theft of computer programs or methodologies
B52: Unforeseen effects of change
C53: Unforeseen effect of changes to software
C54: Unforeseen effect of changes to computer/communications equipment
C55: Unforeseen effects of introducing new/upgraded business processes
C56: Unforeseen effects of organisational changes
C57: Unforeseen effects of changes to user processes or facilities
C58: Unforeseen effect of changes to business information

Sheet Applicaiton Specific Risk
B4: Application Specific Risk Prompts | C4: Data Masking | D4: Dummy data will be used for development and testing or not applicable. | E4: Masked production data will be used for development and testing. | F4: Production data will be used for development and testing.
B5: ID | C5: Risk Element ….. | D5: Low Risk Prompt | E5: Medium Risk Prompt | F5: High Risk Prompt | G5: Evaluation Result | H5: Include in Risk Register | I5: Comments
A6: Access Controls | B6: AC.1 | C6: Is there an effective segregation of duties to prevent inputters authorizing transactions and vice versa? | D6: Formal segregated activities exist for all users which would require collusion of two or more people in order to defraud. | E6: Formal segregated activities exist for most users which would require collusion of two or more people in order to defraud, exceptions could be IT support staff etc. | F6: No formal segregation of duties exist. | G6: na | H6: =IF(G6="H","Yes",IF(G6="M","Yes","No")) -> No
B7: AC.2 | C7: Are access control procedures in place and user access reviewed regularly? | D7: Procedures are in place for issuing and approving application access and user access control reports have been reviewed for accuracy and completeness within the last 6 months. | E7: Procedures are in place for issuing and approving application access and user access control reports have been reviewed for accuracy and completeness within the last 12 months. | F7: Procedures are in place for issuing and approving application access and user access control reports have not been reviewed for the last 12 months. | G7: na | H7: =IF(G7="H","Yes",IF(G7="M","Yes","No")) -> No
B8: AC.3 | C8: Are procedures defined for the timely deletion/disabling of application specific user accounts (e.g., hires, terminations, changes in responsibility etc)? | D8: Monthly housekeeping routines are run to ensure the timely deletion/disabling of application specific user accounts. | E8: Quarterly housekeeping routines are run to ensure the timely deletion/disabling of application specific user accounts. | F8: Housekeeping routines are run on an ad-hoc basis. | G8: na | H8: =IF(G8="H","Yes",IF(G8="M","Yes","No")) -> No
B9: AC.4 | C9: Are access controls in place to ensure users are restricted to Read, Write, Execute, Delete based on individual business application requirements? | D9: Role based access controls are in place and documented for all users. | E9: Role based access controls are in place for all users. | F9: Access controls are applied at the individual user level. | G9: na | H9: =IF(G9="H","Yes",IF(G9="M","Yes","No")) -> No
A10: Database Controls | B10: DBC.1 | C10: Has the database been fully documented including, structure, schema, relationships etc? | D10: There is a comprehensive set of documentation which has been reviewed, and updated where necessary within the past 12 months. | E10: Documentation exists for the database but it has not been reviewed or updated within the past 12 months. | F10: Little or no documentation exists for the database. | G10: na | H10: =IF(G10="H","Yes",IF(G10="M","Yes","No")) -> No
B11: DBC.2 | C11: Are database integrity checks run periodically? | D11: Database integrity checks are run on a regular basis and back-up copies of the database are retained from one check to the next. | E11: Database integrity checks have not been run within the past 12 months. | F11: Database integrity checks have not been run within the past 24 months. | G11: na | H11: =IF(G11="H","Yes",IF(G11="M","Yes","No")) -> No
B12: DBC.3 | C12: Has the database been through the process of normalization? | D12: The database has been through third form normalization. | E12: The database has been through second form normalization. | F12: The database has been through first form normalization. | G12: na | H12: =IF(G12="H","Yes",IF(G12="M","Yes","No")) -> No
B13: DBC.4 | C13: Are there Data validation rules in place within the database? | D13: Data validation rules are in place for all values entered into the database including direct user inputs and data entered automatically via batch jobs etc. | E13: Data validation rules are in place for most values entered into the database including direct user inputs and data entered automatically via batch jobs etc. | F13: Data validation rules are in place for some values entered into the database including direct user inputs and data entered automatically via batch jobs etc. | G13: na | H13: =IF(G13="H","Yes",IF(G13="M","Yes","No")) -> No
B14: DBC.5 | C14: Has the Referential Integrity of the database been assessed? | D14: Referential Integrity rules have been set up for all tables in the database and these have been validated within the last 12 months. | E14: Referential Integrity rules have been set up for all tables in the database. | F14: Referential Integrity rules have been set up for some tables in the database. | G14: na | H14: =IF(G14="H","Yes",IF(G14="M","Yes","No")) -> No
A15: Input Controls | B15: IC.1 | C15: Are input screens designed to prevent the omission of data and the acceptance of invalid data? | D15: Input screens are designed only to accept complete and valid entries. | E15: Input screens are designed to accept valid data, but will accept incomplete entries. | F15: Input screens will accept incomplete entries and invalid data. | G15: na | H15: =IF(G15="H","Yes",IF(G15="M","Yes","No")) -> No
A16: Output Controls | B16: OC.1 | C16: Is there a documented output requirements definition? | D16: There is a detailed documented output requirements definition which is based on user requirements and it takes into account the different types of recipients, usage, details required, frequency, method of generation etc. | E16: There is a documented output requirements definition. | F16: There is no documented output requirements document. | G16: na | H16: =IF(G16="H","Yes",IF(G16="M","Yes","No")) -> No
B17: OC.2 | C17: Is the data classification clearly indicated on all printed and on screen data output? | D17: All output is clearly marked with a data classification in line with Zurich's classification schema. | E17: All output is clearly marked with a data classification, but it is not in line with the Zurich standard classification schema. | F17: Output is not marked with a data classification. | G17: na | H17: =IF(G17="H","Yes",IF(G17="M","Yes","No")) -> No
A18: Application Development | B18: AD.1 | C18: Are there separate facilities (logical or physical) for Development, Test and Production software? | D18: Separate dedicated environments are in place for all Development, Test and Production software for the application. | E18: Separate shared (with other applications) environments are in place for all Development, Test and Production software for the application. | F18: There are no separate environments for application Development, Test and Production software for the application. | G18: na | H18: =IF(G18="H","Yes",IF(G18="M","Yes","No")) -> No
B19: AD.2 | C19: Are compilers, editors and system utilities set up as to not be accessible from the Production systems? | D19: Compilers, editors and system utilities are not accessible from the Production systems. | E19: Compilers, editors and system utilities are accessible from the Production systems for authorized users. | F19: Compilers, editors and system utilities are accessible from the Production systems by all users. | G19: na | H19: =IF(G19="H","Yes",IF(G19="M","Yes","No")) -> No
B20: AD.3 | C20: Are logon procedures and user names different between Development, Test and Production environments? | D20: There are unique users names for development, Test and Production environments. | E20: There are unique users names for the Production environments. | F20: There are common user names for Development, Test and Production environments. | G20: na | H20: =IF(G20="H","Yes",IF(G20="M","Yes","No")) -> No
A21: Monitoring System & Use | B21: MS.1 | C21: Is application event logging enabled and are the logs stored for review? | D21: Comprehensive audit logs of event logging containing user names, dates & times for logon, etc are enabled and the logs are stored for a minimum of 12 months. | E21: Comprehensive audit logs of event logging containing user names, dates & times for logon, etc are enabled and the logs are stored for a minimum of 6 months. | F21: Audit logs of event logging containing user names, dates & times for logon, etc are enabled but are not stored for a minimum of 6 months. | G21: na | H21: =IF(G21="H","Yes",IF(G21="M","Yes","No")) -> No
B22: MS.2 | C22: Are there procedures for the review of application event logs? | D22: Documented procedures exist and reviews are undertaken every 3 months. | E22: Documented procedures exist and reviews are undertaken every 6 months. | F22: Reviews are undertaken on an ad-hoc basis. | G22: na | H22: =IF(G22="H","Yes",IF(G22="M","Yes","No")) -> No

Sheet Security Specific Risk
B4: Security Specific Risk Prompts | C4: Data Masking | D4: Dummy data will be used for development and testing or not applicable. | E4: Masked production data will be used for development and testing. | F4: Production data will be used for development and testing.
B5: ID | C5: Risk Element ….. | D5: Low Risk Prompt | E5: Medium Risk Prompt | F5: High Risk Prompt | G5: Evaluation Result | H5: Include in Risk Register | I5: Comments
A6: Policies & Standards | B6: PS.1 | C6: Is the application compliant to all G-ITR policies (The "Blue Book") | D6: Compliance to the Blue Book has been verified by an independent external assessment or by G-ITR during the past six months | E6: Compliance to the Blue Book has been verified by an independent external assessment or by G-ITR more than six months ago. | F6: Compliance to the Blue Book has never been verified or there are known deviations to the Blue Book. | G6: na | H6: =IF(G6="","",IF(G6="L","N",(IF(G6="NA","N","Yes")))) -> N
B7: PS.2 | C7: Have information security responsibilities for the service been clearly defined and assigned? | D7: Information security responsibilities for the service have been formally assigned and documented. | E7: Information security responsibilities for the service have been agreed but not documented | F7: Information security responsibilities have not been agreed | G7: na | H7: =IF(G7="","",IF(G7="L","N",(IF(G7="NA","N","Yes")))) -> N
B8: PS.3 | C8: Has the G-ITR IT Security Architecture been implemented in the area under review? | D8: The Service is fully aligned to the G-ITR Security Architecture and Patterns | E8: Most of the Service is fully aligned to the G-ITR Security Architecture and Patterns | F8: Some elements of the Service are aligned to the G-ITR Security Architecture and Patterns | G8: na | H8: =IF(G8="","",IF(G8="L","N",(IF(G8="NA","N","Yes")))) -> N
A9: User Access Management | B9: UAM.1 | C9: Are there additional controls in place for users with highly privileged accounts? | D9: Additional controls are in place for all privileged user accounts including the use of separate user names. | E9: Additional controls are in place for all privileged user accounts. | F9: There are no additional controls in place for users with highly privileged accounts. | G9: na | H9: =IF(G9="","",IF(G9="L","N",(IF(G9="NA","N","Yes")))) -> N
B10: UAM.2 | C10: Are there controls in place to ensure that users do not share user names. Controls could be Technical, Logical or Procedural. | D10: There are controls in place to prevent users sharing credentials and these have been validated in the past six months. | E10: There are controls in place to prevent users sharing credentials and these have not been validated in the past six months. | F10: There are no controls in place to prevent users sharing credentials | G10: na | H10: =IF(G10="","",IF(G10="L","N",(IF(G10="NA","N","Yes")))) -> N
B11: UAM.3 | C11: Is two-factor authentication used for remote access users, including third-parties? | D11: All remote access uses two-factor authentication. | E11: Two-factor authentication is only used in some cases for remote access. | F11: Two-factor authentication is not used for remote access. | G11: na | H11: =IF(G11="","",IF(G11="L","N",(IF(G11="NA","N","Yes")))) -> N
A12: Network security | B12: NS.1 | C12: Is the network supported by documentation, including standards, procedures, configurations etc? | D12: There is a comprehensive set of supporting documentation that has been reviewed in the past 12 months. | E12: Supporting documentation exists for the key components of the network and it is subject to periodic review. | F12: There is little or no supporting documentation for the network. | G12: na | H12: =IF(G12="","",IF(G12="L","N",(IF(G12="NA","N","Yes")))) -> N
B13: NS.2 | C13: Is there intrusion detection systems employed on the application supporting infrastructure. | D13: Intrusion detection systems are employed and alerts are continuously monitored. | E13: Intrusion detection systems are employed but alerts are not continuously monitored. | F13: There is no intrusion detection in place | G13: na | H13: =IF(G13="","",IF(G13="L","N",(IF(G13="NA","N","Yes")))) -> N
B14: NS.3 | C14: Have appropriate controls been put in place to limit single-points-of-failure within the application supporting infrastructure? | D14: The application supporting infrastructure is fully resilient with no single-points-of-failure | E14: Most key aspects of the application supporting infrastructure are fully resilient | F14: The application supporting infrastructure has several single-points-of-failure | G14: na | H14: =IF(G14="","",IF(G14="L","N",(IF(G14="NA","N","Yes")))) -> N
B15: NS.4 | C15: Has the application supporting infrastructure been subject to a penetration test? | D15: Regular penetration testing takes place and a test has been completed within the past 6 months. | E15: Regular penetration testing takes place and a test has been completed within the past 12 months. | F15: A penetration test has not be undertaken for over 12 months. | G15: na | H15: =IF(G15="","",IF(G15="L","N",(IF(G15="NA","N","Yes")))) -> N
A16: Application Security | B16: AS.1 | C16: Are application security controls documented? | D16: There is a comprehensive set of security documentation which has been reviewed, and updated where necessary within the past 12 months. | E16: Security documentation exists but it has not been reviewed or updated within the past 12 months. | F16: Little or no security documentation exists for the application. | G16: na | H16: =IF(G16="","",IF(G16="L","N",(IF(G16="NA","N","Yes")))) -> N
B17: AS.2 | C17: Has the application been subject to an application vulnerability scan? | D17: The application has had an application security scan within the past 6 months and action plans put in place to mitigate any identified weaknesses. | E17: The application has had an application security scan within the past 12 months and all identified weaknesses have been mitigated. | F17: The application has not had an application security scan within the past 12 months. | G17: na | H17: =IF(G17="","",IF(G17="L","N",(IF(G17="NA","N","Yes")))) -> N
B18: AS.3 | C18: Is the transfer of sensitive information protected from unauthorized disclosure by approved methods e.g. encrypting the information, digital signatures etc. | D18: Sensitive information is protected by encryption and/or digital signatures as approved by G-ITR | E18: Sensitive information is protected by encryption and/or digital signatures but the mechanisms have not been approved by G-ITR | F18: Sensitive information is not protected by encryption and/or digital signatures | G18: na | H18: =IF(G18="","",IF(G18="L","N",(IF(G18="NA","N","Yes")))) -> N
B19: AS.4 | C19: Are application access logs reviewed to detect unusual user activity patterns or misuse? | D19: Application access logs are regularly reviewed and any action taken recorded. | E19: Application access logs are reviewed on an ad-hoc basis | F19: Application access logs are not reviewed | G19: na | H19: =IF(G19="","",IF(G19="L","N",(IF(G19="NA","N","Yes")))) -> N
A20: Workstation & Server Security | B20: WSS.1 | C20: Are standard configurations used for all workstations and servers (Systems) that support the application? | D20: Standard, documented, configurations are used on all systems. | E20: Standard, documented, configurations are used on most systems. | F20: Standard configurations are used on some systems. | G20: na | H20: =IF(G20="","",IF(G20="L","N",(IF(G20="NA","N","Yes")))) -> N | I20: =IF(J20=1,"Not Applicable as compliant to Blue Book","")
B21: WSS.2 | C21: Has a patch management framework been implemented for all Systems? | D21: Process and procedures exist to ensure the patching of all systems in line with G-ITR requirements. | E21: Process and procedures exist to ensure the patching of most systems in line with G-ITR requirements. | F21: Patching of systems is ad-hoc. | G21: na | H21: =IF(G21="","",IF(G21="L","N",(IF(G21="NA","N","Yes")))) -> N
B22: WSS.3 | C22: Are systems protected from virus, malicious code, Trojans etc? | D22: Virus and malicious code protection software is in place and automatically updated on a daily basis. | E22: Virus and malicious code protection software is in place and automatically updated on a weekly basis. | F22: Virus and malicious code protection software is only in place on parts of the system. | G22: na | H22: =IF(G22="","",IF(G22="L","N",(IF(G22="NA","N","Yes")))) -> N
B23: WSS.4 | C23: Are workstation and server event logs reviewed to detect unusual user activity patterns or misuse? | D23: Event logs are regularly reviewed and any action taken recorded. | E23: Event logs are reviewed on an ad-hoc basis | F23: Event logs are not reviewed | G23: na | H23: =IF(G23="","",IF(G23="L","N",(IF(G23="NA","N","Yes")))) -> N
A24: Third-party Access | B24: TPA.1 | C24: Where third party access arrangements exist are they reviewed periodically to assess compliance to policy? | D24: Compliance to policy checks are undertaken on a regular basis. | E24: Compliance to policy checks are undertaken on an ad-hoc basis | F24: No compliance to policy checks are undertaken. | G24: na | H24: =IF(G24="","",IF(G24="L","N",(IF(G24="NA","N","Yes")))) -> N
B25: TPA.2 | C25: Have security reviews taken place at third-party sites where Zurich data is processed? | D25: A full security review at all third-party premises processing Zurich data has taken place. | E25: A full security review at some third-party premises processing Zurich data has taken place. | F25: No security reviews of third-party premises have taken place. | G25: na | H25: =IF(G25="","",IF(G25="L","N",(IF(G25="NA","N","Yes")))) -> N
H26: =IF(G26="","",IF(G26="L","N",(IF(G26="NA","N","Yes"))))
H27: =IF(G27="","",IF(G27="L","N",(IF(G27="NA","N","Yes"))))
H28: =IF(G28="","",IF(G28="L","N",(IF(G28="NA","N","Yes"))))
H29: =IF(G29="","",IF(G29="L","N",(IF(G29="NA","N","Yes"))))
H30: =IF(G30="","",IF(G30="L","N",(IF(G30="NA","N","Yes"))))
H31: =IF(G31="","",IF(G31="L","N",(IF(G31="NA","N","Yes"))))
H32: =IF(G32="","",IF(G32="L","N",(IF(G32="NA","N","Yes"))))
H33: =IF(G33="","",IF(G33="L","N",(IF(G33="NA","N","Yes"))))
H34: =IF(G34="","",IF(G34="L","N",(IF(G34="NA","N","Yes"))))
H35: =IF(G35="","",IF(G35="L","N",(IF(G35="NA","N","Yes"))))
H36: =IF(G36="","",IF(G36="L","N",(IF(G36="NA","N","Yes"))))
H37: =IF(G37="","",IF(G37="L","N",(IF(G37="NA","N","Yes"))))
... H103: =IF(G103="","",IF(G103="L","N",(IF(G103="NA","N","Yes"))))

Sheet Service Op & Support Risk
B4: Service Operations & Support Risk Prompts
B5: ID | C5: Risk Element …………….. | D5: Low Risk Prompt | E5: Medium Risk Prompt | F5: High Risk Prompt | G5: Evaluation Result | H5: Include in Risk Register | I5: Comments
A6: Change Management | B6: ChM.1 | C6: Is there a formal change management process in operation? | D6: There is a formal change process in place and there have been no incidence of unauthorized changes within the past 12 months. | E6: There is a formal change management process in place but there have been incidence of unauthorized changes taking place within the last 12 months. | F6: There is a formal change management process in place but there have been incidence of unauthorized changes taking place within the last 6 months. | G6: na | H6: =IF(G6="H","Yes",IF(G6="M","Yes","No")) -> No
B7: ChM.2 | C7: Are proposed changes formally accepted by the service owner before being implemented? | D7: The service owner (or delegate) is one of the formal approvers for all changes relating to the service. | E7: The service owner (or delegate) is notified of all changes impacting the service but does not formally approve the changes. | F7: The service owner is not involved in the change process at all. | G7: na | H7: =IF(G7="H","Yes",IF(G7="M","Yes","No")) -> No
B8: ChM.3 | C8: Are changes rigorously tested and their impact assessed before they are implemented? | D8: All changes are tested and their impact assessed prior to the change being implemented. | E8: Some changes are not tested and impact assessments are not always completed. | F8: Changes are not tested and the impact is not assessed. | G8: na | H8: =IF(G8="H","Yes",IF(G8="M","Yes","No")) -> No
B9: ChM.4 | C9: Are 'rollback' procedures developed and tested as part of the change process? | D9: All changes have tested rollback procedures in place in the event of failure of the change. | E9: Rollback procedures are normally developed but it is not always possible to test rollback procedures. | F9: Rollback procedures are not normally developed or are only sporadically tested. | G9: na | H9: =IF(G9="H","Yes",IF(G9="M","Yes","No")) -> No
B10: ChM.5 | C10: Have there been any Severity 1 incidents to the service due to the unforeseen effects of a change? | D10: There have been no Severity 1 Incidents due to the unforeseen effects of change in the last 12 months. | E10: There have been Severity 1 incidents in the last 12 months due to the unforeseen effects of a change. | F10: There have been Severity 1 incidents in the last six months due to the unforeseen effects of a change. | G10: na | H10: =IF(G10="H","Yes",IF(G10="M","Yes","No")) -> No
A11: Problem Management | B11: PM.1 | C11: Is there a formal problem and incident management process in operation? | D11: There is a formal problem and incident management process in place which is followed for all incidents. | E11: There is a formal problem and incident management process in place which only covers Severity 1 incidents. | F11: There is no formal problem and incident management process in place. | G11: na | H11: =IF(G11="H","Yes",IF(G11="M","Yes","No")) -> No
B12: PM.2 | C12: Does the resolution of problems and incidents include an investigation and analysis of the root cause? | D12: Root cause analysis is documented for all problems and incidents. | E12: Root cause analysis is only completed for Severity 1 problems and incidents. | F12: A root cause analysis is only undertaken on an ad-hoc basis for problems and incidents. | G12: na | H12: =IF(G12="H","Yes",IF(G12="M","Yes","No")) -> No
B13: PM.3 | C13: Are risks identified and documented in a risk register as a result of problems and incidents? | D13: Risks are identified and documented in a risk register for all problems and incidents. | E13: Risks are identified and documented for all Severity 1 incidents. | F13: Risks are not formally identified or documented for problems and incidents. | G13: na | H13: =IF(G13="H","Yes",IF(G13="M","Yes","No")) -> No
B14: PM.4 | C14: Are identified mitigating actions for measures implemented to reduce the likelihood of problems and incidents reoccurring tracked? | D14: All mitigating actions are assigned a due date and owner and are formally tracked to completion. | E14: Mitigating actions for Severity 1 incidents are assigned a due date and owner and are formally tracked to completion. | F14: There is no formal process for tracking mitigating action to completion. | G14: na | H14: =IF(G14="H","Yes",IF(G14="M","Yes","No")) -> No
A15: Software Control and Distribution | B15: SCD.1 | C15: Are there technical controls in place to ensure that there is not a breach of software license compliance or infringements of copyright etc? | D15: Technical controls are in place to ensure that unlicensed software is not installed for all the Service's software. | E15: Technical controls are in place to ensure that unlicensed software is not installed for some of the Service's software. | F15: There are no technical controls in place to prevent breaches of software licensing. | G15: na | H15: =IF(G15="H","Yes",IF(G15="M","Yes","No")) -> No
B16: SCD.2 | C16: Does the software distribution method include formal change control processes? | D16: All software distribution for the Service is completed under formal change control processes. | E16: Only major software distribution for the Service is completed under formal change control processes, bug fixes, patching etc is done under business as usual. | F16: Software distribution is not under change control. | G16: na | H16: =IF(G16="H","Yes",IF(G16="M","Yes","No")) -> No
B17: SCD.3 | C17: Is there a reliable software version control system in place? | D17: Controls are in place to manage version control for all software and all platforms employed by the Service. | E17: Controls are in place to manage version control for some of the software and platforms employed by the Service. | F17: There are no controls in place to manage version control. | G17: na | H17: =IF(G17="H","Yes",IF(G17="M","Yes","No")) -> No
B18: SCD.4 | C18: Has the software code being subject to security testing and code reviews and vulnerability scanning? | D18: All code is subject to security testing and code reviews prior to being put into production. | E18: Major code changes are subject to security testing and code reviews prior to being put into production. | F18: Security testing and extensive code reviews do not take place. | G18: na | H18: =IF(G18="H","Yes",IF(G18="M","Yes","No")) -> No
B19: SCD.5 | C19: Is maintenance and patches available for all proprietary software employed on the Service? | D19: All software is within the vendors current maintenance and patching requirements. | E19: Most of the software is within the vendors current maintenance and patching requirements. | F19: Most of the software is end-of-life and not supported by the vendor. | G19: na | H19: =IF(G19="H","Yes",IF(G19="M","Yes","No")) -> No
A20: Configuration Management | B20: CfgM.1 | C20: Is the Service formally documented (whether paper or electronically) including details of application configurations, data flows, maintenance etc. ? | D20: There is a comprehensive set of supporting documentation that has been reviewed in the past 12 months. | E20: Supporting documentation exists for the key components of the Service and it is subject to periodic review. | F20: There is little or no supporting documentation for the Service. | G20: na | H20: =IF(G20="H","Yes",IF(G20="M","Yes","No")) -> No
B21: CfgM.2 | C21: Are there processes in place to ensure the timely identification, evaluation and application of "patches" to fix known vulnerabilities ? | D21: A standard process is followed for all patches including the evaluation and testing of patches for potential business impact. | E21: A standard process is followed for all patches identified as "critical" including evaluation and testing of patches for potential business impact. | F21: The process for the evaluation and application of patches is ad-hoc. | G21: na | H21: =IF(G21="H","Yes",IF(G21="M","Yes","No")) -> No
B22: CfgM.3 | C22: Are there back-ups taken of the configurations of the devices that make up the service including routers, firewalls etc.? | D22: Regular back-ups of configurations are taken and the restore procedures have been tested within the past 6 months. | E22: Regular back-ups of configurations are taken and the restore procedures have been tested within the past 12 months. | F22: No testing of restore procedures have been carried out or configuration back-ups are not taken. | G22: na | H22: =IF(G22="H","Yes",IF(G22="M","Yes","No")) -> No
A23: Capacity Management | B23: CpM.1 | C23: Is there a formal Capacity Management process in operation for the Service? | D23: A formal documented Capacity Management process is in place for the Service. | E23: There is an ad-hoc Capacity Management process in place for the Service. | F23: There is no Capacity Management process in place for the Service. | G23: na | H23: =IF(G23="H","Yes",IF(G23="M","Yes","No")) -> No
B24: CpM.2 | C24: Is there proactive, real-time Performance Monitoring taking place on the Service ? | D24: There is continuous Performance Monitoring of the Service. | E24: Ad-hoc Performance Monitoring takes place. | F24: No Performance Monitoring takes place. | G24: na | H24: =IF(G24="H","Yes",IF(G24="M","Yes","No")) -> No
B25: CpM.3 | C25: Are there regular application sizing reviews taking place including resource requirements (disk space requirements, resource and demand forecasting etc) ? | D25: Application sizing and resource requirements (CPU, memory etc) have been completed within the past 6 months. | E25: Application sizing and resource requirements (CPU, memory etc) have been completed within the past 12 months. | F25: Application sizing and resource requirements (CPU, memory etc) have not been completed within the past 12 months. | G25: na | H25: =IF(G25="H","Yes",IF(G25="M","Yes","No")) -> No

Sheet Wireless Project
A1: Building Name | B1: Building No. | C1: Connection With IT | D1: Access Point | E1: AP IP Address | F1: Mesh ID
A2: IT Department | B2: 1 | C2: 1 | D2: IT-P01 | E2: 20.0.7.1 | F2: AsryYard
A3: Admin 3 | B3: 2 | C3: 1 | D3: N/A | E3: N/A | F3: N/A
A4: Admin 1&2 | B4: 3 | C4: 1 | D4: Admin-P01 | E4: 20.0.7. | F4: AsryYard
A5: Superintend | B5: 4 | C5: 3-1 | D5: N/A | E5: N/A | F5: N/A
A6: Consultancy | B6: 5 | C6: 3-1 | D6: N/A | E6: N/A | F6: N/A
A7: Medical | B7: 6 | C7: 3-1 | D7: N/A | E7: N/A | F7: N/A
A8: Warehouse | B8: 7 | C8: 3-1 | D8: N/A | E8: N/A | F8: N/A
A9: Contactors Cabin | B9: 8 | C9: 1 | D9: N/A | E9: N/A | F9: N/A
A10: Plate Shop | B10: 9 | C10: 3-1 | D10: PlateShop-P01 | E10: 20.0.7.18 | F10: AsryYard-PlateShop
A11: Maintenance | B11: 10 | C11: 9-3-1 | D11: Maintenance-P01 | E11: 20.0.7.14 | F11: AsryYard-Main
A12: Dock Services | B12: 11 | C12: 9-3-1 | D12: DockService-P01 | E12: 20.0.7.17 | F12: AsryYard-Dock
A13: Sub-Contractors 1 | B13: 12 | C13: 10-9-3-1 | D13: SubContracts1-P01 | E13: 20.0.7.6 | F13: AsryYard-Cont1
A14: Sub-Contractors 2 | B14: 13 | C14: 12-10-9-3-1 | D14: N/A | E14: N/A | F14: N/A
A15: Old Offshore | B15: 14 | C15: 12-10-9-3-1 | D15: N/A | E15: N/A | F15: N/A
A16: New Offshore | B16: 15 | C16: 3-1 | D16: N/A | E16: N/A | F16: N/A
... A23: Fire & Safety | B23: 22 | C23: 19-3-1 | D23: Fire&Safty-P01 | E23: 20.0.7.13 | F23: AsryYard
